Count,Average Steering Change,Steering Change SD,Steering Change SE,Average Distance,Average Distance SD,Average Distance SE,Average Angle,Angle SD,Angle SE
1,0.00500,0.44522,0.06296,0.03719,0.01416,0.00200,0.02268,0.05951,0.00841
2,0.01799,1.08534,0.15349,0.12238,0.05542,0.00783,0.03605,0.06833,0.00966
3,0.01000,1.01039,0.14289,0.13873,0.10076,0.01425,0.01447,0.07084,0.01001
4,0.02000,0.98122,0.13876,0.14678,0.11187,0.01582,0.01776,0.07595,0.01074
5,0.01500,0.94038,0.13299,0.16004,0.10382,0.01468,0.00374,0.07570,0.01070
6,0.01200,0.92997,0.13151,0.15202,0.10542,0.01490,0.01050,0.06792,0.00960
7,0.00699,0.76856,0.10869,0.13668,0.10230,0.01446,0.02184,0.08074,0.01141
8,0.01999,0.98142,0.13879,0.12030,0.09539,0.01349,0.02951,0.07466,0.01055
9,0.01199,0.91910,0.12998,0.11622,0.09141,0.01292,0.00271,0.07395,0.01045
10,0.00800,0.99399,0.14057,0.11512,0.08368,0.01183,0.01580,0.08702,0.01230
11,0.00299,0.99495,0.14070,0.12108,0.08534,0.01207,0.01636,0.07539,0.01066
12,0.00099,0.92587,0.13093,0.14041,0.08659,0.01224,0.01104,0.06629,0.00937
13,0.01199,1.00740,0.14246,0.14034,0.10130,0.01432,0.01549,0.07683,0.01086
14,0.00000,0.95215,0.13465,0.14557,0.10401,0.01471,0.00695,0.08716,0.01232
15,0.01500,0.95766,0.13543,0.15833,0.10378,0.01467,0.00610,0.07560,0.01069
16,0.01000,0.86440,0.12224,0.16013,0.11200,0.01584,0.00142,0.06784,0.00959
17,0.00499,0.84239,0.11913,0.16067,0.12060,0.01705,0.00309,0.07555,0.01068
18,0.02000,0.98600,0.13944,0.17197,0.13429,0.01899,0.00707,0.06815,0.00963
19,0.01500,0.87442,0.12366,0.17261,0.13559,0.01917,0.00964,0.07313,0.01034
20,0.00999,0.88249,0.12480,0.17347,0.14210,0.02009,0.00116,0.05954,0.00842
21,0.01999,1.04498,0.14778,0.18050,0.13695,0.01936,0.01045,0.07779,0.01100
22,0.01500,0.89270,0.12624,0.19142,0.13303,0.01881,0.00608,0.07626,0.01078
23,0.01999,0.81209,0.11484,0.20127,0.14109,0.01995,0.01600,0.06980,0.00987
24,0.01500,1.01174,0.14308,0.20493,0.14863,0.02102,0.00334,0.06910,0.00977
25,0.00499,1.17563,0.16626,0.21014,0.13746,0.01944,0.00285,0.07201,0.01018
26,0.01999,0.87458,0.12368,0.19498,0.14028,0.01983,0.00746,0.06428,0.00909
27,0.01000,1.01503,0.14354,0.17685,0.14572,0.02060,0.01503,0.06418,0.00907
28,0.02000,0.83372,0.11790,0.17999,0.13703,0.01937,0.01005,0.06159,0.00871
29,0.00500,1.04327,0.14754,0.18368,0.13094,0.01851,0.01454,0.06509,0.00920
30,0.01500,1.16414,0.16463,0.20013,0.13914,0.01967,0.01196,0.06213,0.00878
31,0.01500,1.00748,0.14247,0.21363,0.14114,0.01996,0.01076,0.06193,0.00875
32,0.01999,0.88887,0.12570,0.21798,0.14776,0.02089,0.00804,0.07073,0.01000
33,0.00199,0.91771,0.12978,0.21635,0.15169,0.02145,0.00306,0.05738,0.00811
34,0.02000,0.90730,0.12831,0.22051,0.16243,0.02297,0.00822,0.07521,0.01063
35,0.00300,1.08029,0.15277,0.23800,0.15996,0.02262,0.00206,0.06628,0.00937
36,0.01999,1.03450,0.14630,0.23604,0.15026,0.02125,0.01401,0.07854,0.01110
37,0.00699,0.95848,0.13555,0.22089,0.14922,0.02110,0.01993,0.07150,0.01011
38,0.01999,0.94026,0.13297,0.20401,0.15276,0.02160,0.00825,0.05849,0.00827
39,0.02000,1.06470,0.15057,0.19926,0.15582,0.02203,0.00175,0.06557,0.00927
40,0.00500,0.93076,0.13163,0.20374,0.15644,0.02212,0.00571,0.05718,0.00808
41,0.01999,0.82849,0.11716,0.21211,0.14597,0.02064,0.00227,0.06318,0.00893
42,0.01200,0.93389,0.13207,0.21158,0.14291,0.02021,0.00278,0.06600,0.00933
43,0.00700,0.96135,0.13595,0.21238,0.13972,0.01976,0.00413,0.06157,0.00870
44,0.01799,0.89385,0.12641,0.21677,0.15141,0.02141,0.00923,0.06094,0.00861
45,0.02000,1.00129,0.14160,0.23473,0.14977,0.02118,0.01576,0.06316,0.00893
46,0.00699,0.81332,0.11502,0.24167,0.15028,0.02125,0.00661,0.07074,0.01000
47,0.00500,0.95876,0.13558,0.23436,0.13634,0.01928,0.00085,0.07325,0.01036
48,0.00099,0.89383,0.12640,0.22828,0.14347,0.02029,0.00230,0.07149,0.01011
49,0.00100,1.04477,0.14775,0.21869,0.15841,0.02240,0.02245,0.06497,0.00918
50,0.01799,1.01418,0.14342,0.20799,0.15834,0.02239,0.00639,0.07488,0.01059
51,0.02000,1.03932,0.14698,0.21347,0.15306,0.02164,0.02259,0.06370,0.00900
52,0.01800,0.90784,0.12838,0.22366,0.15671,0.02216,0.00637,0.06656,0.00941
53,0.01200,1.04582,0.14790,0.23455,0.15202,0.02149,0.00843,0.07093,0.01003
54,0.00199,0.94746,0.13399,0.23605,0.14794,0.02092,0.00975,0.05820,0.00823
55,0.00499,0.92526,0.13085,0.21530,0.14727,0.02082,0.01252,0.07352,0.01039
56,0.00799,0.89790,0.12698,0.19409,0.15955,0.02256,0.00277,0.08583,0.01213
57,0.00199,0.89375,0.12639,0.19009,0.15966,0.02258,0.01578,0.05288,0.00747
58,0.00199,0.93294,0.13193,0.18778,0.15710,0.02221,0.00209,0.06430,0.00909
59,0.01500,0.99424,0.14060,0.19010,0.14418,0.02039,0.00124,0.07319,0.01035
60,0.01800,1.08994,0.15414,0.19482,0.14235,0.02013,0.00783,0.06225,0.00880
61,0.01299,0.98609,0.13945,0.19760,0.14741,0.02084,0.01270,0.06750,0.00954
62,0.01999,0.88910,0.12573,0.19889,0.15218,0.02152,0.01264,0.06990,0.00988
63,0.00699,0.98320,0.13904,0.20500,0.14980,0.02118,0.00352,0.07336,0.01037
64,0.00299,1.04160,0.14730,0.20722,0.14233,0.02012,0.00320,0.07088,0.01002
65,0.01999,0.98076,0.13870,0.20354,0.14076,0.01990,0.01307,0.06600,0.00933
66,0.00199,0.85714,0.12121,0.19027,0.14423,0.02039,0.00089,0.06226,0.00880
67,0.01999,0.87914,0.12433,0.19634,0.14258,0.02016,0.01085,0.05824,0.00823
68,0.00500,0.94431,0.13354,0.19929,0.13773,0.01947,0.00080,0.07146,0.01010
69,0.01700,1.03848,0.14686,0.20435,0.15309,0.02165,0.00920,0.07021,0.00993
70,0.00000,0.93412,0.13210,0.20597,0.16747,0.02368,0.00181,0.05590,0.00790
71,0.00599,0.89295,0.12628,0.19870,0.16607,0.02348,0.00739,0.06700,0.00947
72,0.01699,1.05965,0.14985,0.20388,0.16856,0.02383,0.00482,0.05157,0.00729
73,0.00799,1.05505,0.14920,0.20883,0.15909,0.02250,0.00377,0.06864,0.00970
74,0.00700,0.93658,0.13245,0.20416,0.15598,0.02206,0.00709,0.06226,0.00880
75,0.02000,0.95331,0.13481,0.20551,0.14719,0.02081,0.00734,0.05650,0.00799
76,0.02000,0.99599,0.14085,0.21799,0.14886,0.02105,0.01619,0.06208,0.00877
77,0.01299,1.10687,0.15653,0.23151,0.14825,0.02096,0.01468,0.06201,0.00877
78,0.01999,1.12915,0.15968,0.24133,0.14355,0.02030,0.01373,0.06266,0.00886
79,0.01800,0.88987,0.12584,0.22718,0.14603,0.02065,0.01194,0.07290,0.01031
80,0.01699,1.07217,0.15162,0.22275,0.15374,0.02174,0.00641,0.05363,0.00758
81,0.02000,0.87914,0.12433,0.21677,0.15255,0.02157,0.00047,0.06836,0.00966
82,0.00799,0.91199,0.12897,0.20767,0.14892,0.02106,0.00465,0.06340,0.00896
83,0.02000,1.00910,0.14270,0.20861,0.15151,0.02142,0.02244,0.06903,0.00976
84,0.01799,1.08243,0.15308,0.22084,0.13601,0.01923,0.00067,0.05961,0.00843
85,0.01200,0.99405,0.14058,0.22446,0.13227,0.01870,0.00017,0.06268,0.00886
86,0.02000,0.98437,0.13921,0.20519,0.14083,0.01991,0.02028,0.07032,0.00994
87,0.01699,1.01634,0.14373,0.18918,0.15289,0.02162,0.01767,0.06213,0.00878
88,0.02000,1.07149,0.15153,0.19196,0.15276,0.02160,0.00723,0.06896,0.00975
89,0.01699,0.98247,0.13894,0.20523,0.14170,0.02004,0.01665,0.08160,0.01154
90,0.00000,1.03937,0.14698,0.20541,0.13852,0.01959,0.00745,0.06638,0.00938
91,0.01200,1.06473,0.15057,0.20372,0.13890,0.01964,0.00238,0.06825,0.00965
92,0.01999,0.97631,0.13807,0.20516,0.15533,0.02196,0.01354,0.07220,0.01021
93,0.01200,1.00152,0.14163,0.20777,0.16813,0.02377,0.00905,0.05615,0.00794
94,0.00599,0.97414,0.13776,0.19561,0.16021,0.02265,0.01714,0.07802,0.01103
95,0.00700,1.03344,0.14615,0.18766,0.14942,0.02113,0.00539,0.06151,0.00870
96,0.01299,0.96398,0.13632,0.19121,0.14482,0.02048,0.00254,0.06124,0.00866
97,0.01700,0.98891,0.13985,0.19671,0.14863,0.02101,0.00298,0.05900,0.00834
98,0.01799,0.98253,0.13895,0.19663,0.16009,0.02264,0.01751,0.06648,0.00940
99,0.01999,0.99604,0.14086,0.21105,0.16207,0.02292,0.00127,0.04896,0.00692
100,0.02000,0.98584,0.13942,0.21901,0.16542,0.02339,0.00358,0.05320,0.00752
101,0.01199,1.01244,0.14318,0.22319,0.15779,0.02231,0.00161,0.05505,0.00778
102,0.00000,0.94366,0.13345,0.19934,0.14558,0.02058,0.01174,0.06986,0.00988
103,0.00000,1.02659,0.14518,0.18454,0.14574,0.02061,0.00245,0.06483,0.00916
104,0.00799,0.95683,0.13531,0.18597,0.13978,0.01976,0.00017,0.07508,0.01061
105,0.01299,1.01241,0.14317,0.20413,0.14232,0.02012,0.01728,0.06053,0.00856
106,0.01200,0.97321,0.13763,0.20190,0.14625,0.02068,0.00913,0.07508,0.01061
107,0.00699,0.99292,0.14042,0.17851,0.13625,0.01926,0.02932,0.07242,0.01024
108,0.01999,1.10751,0.15662,0.17167,0.12665,0.01791,0.01444,0.06885,0.00973
109,0.01499,1.01844,0.14402,0.16696,0.10548,0.01491,0.01352,0.06216,0.00879
110,0.00499,0.99630,0.14089,0.16406,0.10883,0.01539,0.00832,0.06222,0.00880
111,0.02000,0.87406,0.12361,0.16505,0.11693,0.01653,0.01085,0.07195,0.01017
112,0.00299,0.73433,0.10385,0.16810,0.11309,0.01599,0.00382,0.07031,0.00994
113,0.00000,1.12049,0.15846,0.17127,0.12753,0.01803,0.00517,0.06567,0.00928
114,0.01999,1.11058,0.15706,0.18115,0.13780,0.01948,0.01046,0.06767,0.00957
115,0.02000,1.13150,0.16001,0.18717,0.13319,0.01883,0.00650,0.06557,0.00927
116,0.01800,1.02648,0.14516,0.18244,0.14412,0.02038,0.00544,0.06789,0.00960
117,0.01499,0.91538,0.12945,0.16912,0.15138,0.02140,0.01134,0.05995,0.00847
118,0.00499,0.97914,0.13847,0.17742,0.15255,0.02157,0.00110,0.05352,0.00756
119,0.00000,0.90801,0.12841,0.17664,0.14545,0.02057,0.01134,0.06726,0.00951
120,0.00199,1.10371,0.15608,0.18215,0.14662,0.02073,0.01133,0.05706,0.00807
121,0.00500,1.01450,0.14347,0.18345,0.14111,0.01995,0.00260,0.07482,0.01058
122,0.02000,1.09521,0.15488,0.19186,0.14519,0.02053,0.00232,0.04944,0.00699
123,0.01999,1.17038,0.16551,0.19430,0.14768,0.02088,0.00648,0.05503,0.00778
124,0.00499,0.85248,0.12055,0.19112,0.14526,0.02054,0.00051,0.05555,0.00785
125,0.01000,0.96834,0.13694,0.18961,0.14651,0.02072,0.00115,0.05407,0.00764
126,0.01499,1.05234,0.14882,0.19093,0.15048,0.02128,0.00023,0.06172,0.00872
127,0.00499,1.24121,0.17553,0.19735,0.17020,0.02407,0.01228,0.06341,0.00896
128,0.01999,0.99473,0.14067,0.20139,0.16813,0.02377,0.00365,0.07449,0.01053
129,0.01500,0.99725,0.14103,0.20547,0.16452,0.02326,0.00163,0.06200,0.00876
130,0.02000,1.04450,0.14771,0.19624,0.15853,0.02241,0.01705,0.05780,0.00817
131,0.00000,1.04283,0.14747,0.17582,0.15050,0.02128,0.00522,0.07306,0.01033
132,0.01999,0.98004,0.13859,0.18467,0.13805,0.01952,0.00988,0.06570,0.00929
133,0.00299,1.02505,0.14496,0.18289,0.13783,0.01949,0.00355,0.07051,0.00997
134,0.01800,0.85561,0.12100,0.18131,0.14590,0.02063,0.00025,0.06898,0.00975
135,0.01700,0.95076,0.13445,0.18038,0.14790,0.02091,0.00106,0.06329,0.00895
136,0.02000,1.04182,0.14733,0.17184,0.14119,0.01996,0.00680,0.06393,0.00904
137,0.00000,1.02965,0.14561,0.16616,0.13111,0.01854,0.00361,0.06980,0.00987
138,0.01999,0.81006,0.11455,0.17836,0.12560,0.01776,0.00672,0.07281,0.01029
139,0.02000,0.88068,0.12454,0.18685,0.11948,0.01689,0.00085,0.06542,0.00925
140,0.00700,0.93439,0.13214,0.18763,0.11478,0.01623,0.00161,0.06886,0.00973
141,0.00800,0.88585,0.12527,0.18350,0.10975,0.01552,0.00543,0.06659,0.00941
142,0.01299,1.01645,0.14374,0.17565,0.11898,0.01682,0.01005,0.06312,0.00892
143,0.01999,1.17592,0.16630,0.18373,0.12662,0.01790,0.01678,0.06966,0.00985
144,0.00700,1.04259,0.14744,0.20538,0.13631,0.01927,0.00711,0.06978,0.00986
145,0.01800,0.89480,0.12654,0.20718,0.13841,0.01957,0.01813,0.05755,0.00814
146,0.01999,0.97180,0.13743,0.20165,0.12945,0.01830,0.00017,0.07057,0.00998
147,0.01299,1.05507,0.14920,0.20150,0.13074,0.01849,0.00463,0.06646,0.00939
148,0.02000,1.04134,0.14726,0.20206,0.11904,0.01683,0.00686,0.07264,0.01027
149,0.01299,1.13370,0.16032,0.19450,0.10517,0.01487,0.00330,0.07194,0.01017
150,0.02000,0.97493,0.13787,0.19110,0.11975,0.01693,0.00146,0.06429,0.00909
151,0.00000,0.89671,0.12681,0.18420,0.12637,0.01787,0.00579,0.06904,0.00976
152,0.00300,0.98678,0.13955,0.19230,0.14387,0.02034,0.01604,0.06487,0.00917
153,0.00800,0.92592,0.13094,0.19870,0.14652,0.02072,0.00460,0.05783,0.00817
154,0.00000,1.24257,0.17572,0.18915,0.14509,0.02051,0.01068,0.06982,0.00987
155,0.01199,1.15249,0.16298,0.19261,0.15065,0.02130,0.00829,0.06612,0.00935
156,0.00300,1.00659,0.14235,0.20138,0.15654,0.02213,0.00525,0.07516,0.01062
157,0.00699,0.90094,0.12741,0.20749,0.16361,0.02313,0.00155,0.05538,0.00783
158,0.00499,0.94070,0.13303,0.20622,0.15512,0.02193,0.00443,0.07617,0.01077
159,0.01500,0.95221,0.13466,0.20346,0.14144,0.02000,0.01363,0.06770,0.00957
160,0.01000,0.90338,0.12775,0.19062,0.13630,0.01927,0.00512,0.07940,0.01123
161,0.01500,1.08001,0.15273,0.17833,0.12578,0.01778,0.00313,0.07779,0.01100
162,0.00699,1.11928,0.15829,0.17730,0.13036,0.01843,0.00128,0.05733,0.00810
163,0.00500,0.79838,0.11290,0.18107,0.14054,0.01987,0.00261,0.06378,0.00902
164,0.00500,0.91089,0.12881,0.18231,0.15097,0.02135,0.00316,0.06969,0.00985
165,0.01699,1.04434,0.14769,0.18175,0.14698,0.02078,0.00433,0.08052,0.01138
166,0.00199,0.94015,0.13295,0.18600,0.14625,0.02068,0.00618,0.07230,0.01022
167,0.01299,0.86676,0.12257,0.20099,0.14957,0.02115,0.01922,0.06365,0.00900
168,0.01699,0.91731,0.12972,0.20335,0.14439,0.02042,0.01197,0.06676,0.00944
169,0.01999,0.88577,0.12526,0.18618,0.15250,0.02156,0.01947,0.07017,0.00992
170,0.01199,1.03766,0.14674,0.17343,0.14845,0.02099,0.00393,0.06572,0.00929
171,0.01800,1.07334,0.15179,0.17457,0.13733,0.01942,0.01000,0.06485,0.00917
172,0.01700,0.88162,0.12468,0.17716,0.14343,0.02028,0.00177,0.06692,0.00946
173,0.00800,0.89018,0.12589,0.16834,0.14833,0.02097,0.00166,0.07108,0.01005
174,0.00000,1.00204,0.14171,0.17887,0.14733,0.02083,0.00601,0.06095,0.00862
175,0.00299,1.00196,0.14169,0.18763,0.13771,0.01947,0.00802,0.06310,0.00892
176,0.00800,0.86309,0.12206,0.19287,0.13719,0.01940,0.00890,0.07698,0.01088
177,0.02000,0.94122,0.13310,0.19835,0.15464,0.02187,0.00527,0.06401,0.00905
178,0.00500,1.00981,0.14280,0.19559,0.15871,0.02244,0.00520,0.06733,0.00952
179,0.00200,1.04579,0.14789,0.19608,0.14926,0.02110,0.01714,0.07025,0.00993
180,0.00300,0.86060,0.12170,0.18260,0.14883,0.02104,0.01832,0.05469,0.00773
181,0.00500,0.68922,0.09747,0.17355,0.15526,0.02195,0.00122,0.07883,0.01114
182,0.00000,0.94599,0.13378,0.18384,0.15074,0.02131,0.01068,0.06062,0.00857
183,0.00700,0.88555,0.12523,0.19610,0.14591,0.02063,0.02560,0.07391,0.01045
184,0.00699,1.00309,0.14185,0.18813,0.13875,0.01962,0.01279,0.07223,0.01021
185,0.01999,1.01606,0.14369,0.17698,0.15194,0.02148,0.00205,0.07140,0.01009
186,0.00500,1.05660,0.14942,0.19165,0.16240,0.02296,0.00821,0.06362,0.00899
187,0.01999,1.04809,0.14822,0.20971,0.15015,0.02123,0.00617,0.07155,0.01011
188,0.02000,0.94493,0.13363,0.20213,0.16014,0.02264,0.00242,0.07230,0.01022
189,0.01199,0.92706,0.13110,0.19798,0.16432,0.02323,0.00734,0.05988,0.00846
190,0.00300,0.91353,0.12919,0.21013,0.16428,0.02323,0.01311,0.06372,0.00901
191,0.01000,0.81400,0.11511,0.21278,0.16831,0.02380,0.00043,0.06016,0.00850
192,0.01700,0.95297,0.13477,0.22190,0.17255,0.02440,0.00746,0.06793,0.00960
193,0.01199,0.96278,0.13615,0.20786,0.16946,0.02396,0.01661,0.07239,0.01023
194,0.00000,0.83689,0.11835,0.19588,0.17712,0.02504,0.00697,0.06542,0.00925
195,0.00099,0.95637,0.13525,0.19879,0.15809,0.02235,0.01284,0.06103,0.00863
196,0.00800,0.86858,0.12283,0.19798,0.15212,0.02151,0.01105,0.05581,0.00789
197,0.01999,0.98458,0.13924,0.18914,0.15076,0.02132,0.00888,0.06223,0.00880
198,0.00000,1.02936,0.14557,0.19475,0.13286,0.01879,0.01371,0.06031,0.00853
199,0.01799,0.89004,0.12587,0.18832,0.13556,0.01917,0.00051,0.06343,0.00897
200,0.00300,0.95054,0.13442,0.19151,0.13549,0.01916,0.00772,0.06489,0.00917
201,0.01999,0.91318,0.12914,0.20658,0.13445,0.01901,0.00909,0.06493,0.00918
202,0.01499,0.98087,0.13871,0.21649,0.14583,0.02062,0.01069,0.05380,0.00760
203,0.00300,0.95469,0.13501,0.21823,0.14596,0.02064,0.00650,0.06625,0.00936
204,0.01999,1.02298,0.14467,0.21377,0.15118,0.02138,0.00780,0.05664,0.00801
205,0.00199,0.97431,0.13778,0.20505,0.15578,0.02203,0.00114,0.05744,0.00812
206,0.00500,1.02889,0.14550,0.20912,0.16083,0.02274,0.00497,0.07117,0.01006
207,0.00000,1.03353,0.14616,0.20625,0.16801,0.02376,0.01373,0.06747,0.00954
208,0.02000,1.05042,0.14855,0.21286,0.16272,0.02301,0.00384,0.07476,0.01057
209,0.01499,0.80406,0.11371,0.22582,0.16168,0.02286,0.00648,0.07901,0.01117
210,0.01700,0.93073,0.13162,0.21653,0.15033,0.02126,0.01043,0.06954,0.00983
211,0.01199,0.95438,0.13497,0.20749,0.15000,0.02121,0.01170,0.07555,0.01068
212,0.01800,1.00631,0.14231,0.20585,0.14893,0.02106,0.01836,0.05920,0.00837
213,0.00300,1.11285,0.15738,0.20735,0.14810,0.02094,0.00380,0.06165,0.00871
214,0.02000,1.01237,0.14317,0.22368,0.14200,0.02008,0.00057,0.06676,0.00944
215,0.01999,1.04637,0.14797,0.22548,0.15425,0.02181,0.01401,0.06326,0.00894
216,0.00799,0.97058,0.13726,0.22251,0.15334,0.02168,0.00045,0.06640,0.00939
217,0.01299,0.97569,0.13798,0.20656,0.15371,0.02173,0.00244,0.06161,0.00871
218,0.00399,1.06150,0.15011,0.19930,0.14515,0.02052,0.00480,0.06235,0.00881
219,0.01299,0.98391,0.13914,0.19355,0.15367,0.02173,0.01019,0.06206,0.00877
220,0.01999,0.96565,0.13656,0.19333,0.15783,0.02232,0.00681,0.05837,0.00825
221,0.01299,1.05303,0.14892,0.19037,0.15440,0.02183,0.00905,0.06949,0.00982
222,0.02000,1.06240,0.15024,0.18605,0.14134,0.01998,0.00482,0.07418,0.01049
223,0.01999,0.98193,0.13886,0.18060,0.13151,0.01859,0.00305,0.06757,0.00955
224,0.00400,0.89670,0.12681,0.17516,0.12722,0.01799,0.00413,0.06716,0.00949
225,0.01799,0.95424,0.13494,0.17349,0.13359,0.01889,0.00367,0.05387,0.00761
226,0.02000,0.91214,0.12899,0.17406,0.14637,0.02070,0.00017,0.05614,0.00794
227,0.00500,1.05736,0.14953,0.17340,0.14682,0.02076,0.00162,0.06171,0.00872
228,0.01299,0.88593,0.12529,0.18082,0.14020,0.01982,0.00412,0.05729,0.00810
229,0.01699,0.87089,0.12316,0.18434,0.13541,0.01914,0.00436,0.05599,0.00791
230,0.00500,1.20192,0.16997,0.19691,0.14070,0.01989,0.01865,0.06253,0.00884
231,0.01800,1.05184,0.14875,0.19638,0.13527,0.01913,0.00175,0.06000,0.00848
232,0.01999,0.99045,0.14007,0.19045,0.11929,0.01687,0.01465,0.06601,0.00933
233,0.01299,0.88293,0.12486,0.17213,0.12738,0.01801,0.00450,0.07307,0.01033
234,0.01699,1.03255,0.14602,0.17189,0.15259,0.02158,0.02155,0.06401,0.00905
235,0.00700,1.00119,0.14159,0.19896,0.16054,0.02270,0.01827,0.06574,0.00929
236,0.01999,0.99874,0.14124,0.20994,0.15167,0.02145,0.00519,0.05617,0.00794
237,0.01700,0.86559,0.12241,0.19937,0.14240,0.02013,0.01404,0.06378,0.00902
238,0.00799,1.02544,0.14501,0.19343,0.13354,0.01888,0.00667,0.05021,0.00710
239,0.01700,1.01057,0.14291,0.18388,0.14002,0.01980,0.00091,0.06542,0.00925
240,0.02000,0.88966,0.12581,0.16627,0.14488,0.02049,0.01043,0.06182,0.00874
241,0.01700,0.98684,0.13956,0.17176,0.13734,0.01942,0.00110,0.06502,0.00919
242,0.02000,0.90133,0.12746,0.17414,0.13363,0.01889,0.00279,0.06989,0.00988
243,0.01999,0.83695,0.11836,0.16969,0.13478,0.01906,0.00423,0.06344,0.00897
244,0.01999,0.84563,0.11959,0.16382,0.13198,0.01866,0.00033,0.07277,0.01029
245,0.01299,0.91212,0.12899,0.16425,0.13714,0.01939,0.00398,0.06435,0.00910
246,0.01700,1.03017,0.14568,0.16747,0.13679,0.01934,0.00075,0.05956,0.00842
247,0.01800,1.06267,0.15028,0.16147,0.13862,0.01960,0.01162,0.07397,0.01046
248,0.02000,1.12280,0.15878,0.17123,0.14145,0.02000,0.00854,0.06687,0.00945
249,0.01299,0.99818,0.14116,0.18683,0.13625,0.01926,0.00154,0.07344,0.01038
250,0.01700,1.10193,0.15583,0.20002,0.13289,0.01879,0.01461,0.07029,0.00994
251,0.01800,0.84230,0.11911,0.20819,0.13909,0.01967,0.00646,0.08062,0.01140
252,0.02000,0.96576,0.13657,0.21805,0.14136,0.01999,0.00895,0.06105,0.00863
253,0.01799,1.08598,0.15358,0.21581,0.15478,0.02188,0.00403,0.07430,0.01050
254,0.01999,0.93155,0.13174,0.20851,0.16120,0.02279,0.00372,0.07309,0.01033
255,0.02000,0.95031,0.13439,0.20129,0.14836,0.02098,0.00344,0.06615,0.00935
256,0.00999,0.86411,0.12220,0.19725,0.14416,0.02038,0.00272,0.06628,0.00937
257,0.00000,1.12338,0.15887,0.20035,0.14937,0.02112,0.00491,0.06046,0.00855
258,0.00800,0.93879,0.13276,0.21019,0.15056,0.02129,0.00502,0.07145,0.01010
259,0.00999,0.94762,0.13401,0.19842,0.14727,0.02082,0.02087,0.05291,0.00748
260,0.00299,1.12935,0.15971,0.19215,0.14536,0.02055,0.00701,0.06834,0.00966
261,0.00100,0.94103,0.13308,0.19278,0.14206,0.02009,0.00467,0.06579,0.00930
262,0.00299,1.02632,0.14514,0.19261,0.13579,0.01920,0.00272,0.05964,0.00843
263,0.00999,1.05085,0.14861,0.19354,0.11952,0.01690,0.00059,0.07696,0.01088
264,0.01999,0.91733,0.12973,0.17957,0.12865,0.01819,0.00451,0.06518,0.00921
265,0.01299,0.91993,0.13009,0.17355,0.13110,0.01854,0.00304,0.06450,0.00912
266,0.01299,0.93036,0.13157,0.17984,0.13979,0.01977,0.00824,0.06480,0.00916
267,0.00399,0.90784,0.12838,0.18440,0.13650,0.01930,0.00574,0.06916,0.00978
268,0.00299,0.97382,0.13772,0.17109,0.12627,0.01785,0.01371,0.07307,0.01033
269,0.00499,0.90979,0.12866,0.17245,0.11480,0.01623,0.01820,0.06772,0.00957
270,0.01500,1.02587,0.14508,0.18434,0.12072,0.01707,0.00789,0.06985,0.00987
271,0.00700,1.02718,0.14526,0.18359,0.12541,0.01773,0.00267,0.06953,0.00983
272,0.00100,0.97941,0.13850,0.18348,0.12486,0.01765,0.00984,0.06961,0.00984
273,0.00499,1.01824,0.14400,0.18129,0.12221,0.01728,0.00551,0.06128,0.00866
274,0.00500,1.07560,0.15211,0.17883,0.13009,0.01839,0.00263,0.06346,0.00897
275,0.01999,0.98025,0.13862,0.17746,0.12339,0.01745,0.00703,0.06265,0.00886
276,0.00999,1.05161,0.14872,0.17882,0.12013,0.01698,0.00796,0.07271,0.01028
277,0.00800,0.93527,0.13226,0.19292,0.11737,0.01659,0.00866,0.06758,0.00955
278,0.01699,0.93694,0.13250,0.20455,0.12171,0.01721,0.00101,0.04806,0.00679
279,0.01699,0.98901,0.13986,0.19688,0.13111,0.01854,0.00723,0.06938,0.00981
280,0.01000,1.01729,0.14386,0.18271,0.13013,0.01840,0.00370,0.06703,0.00947
281,0.00999,0.95031,0.13439,0.18122,0.12078,0.01708,0.00466,0.05648,0.00798
282,0.00700,1.11265,0.15735,0.18096,0.11736,0.01659,0.00613,0.06779,0.00958
283,0.01999,1.14503,0.16193,0.17153,0.13151,0.01859,0.00118,0.06678,0.00944
284,0.01500,0.86805,0.12276,0.17079,0.13455,0.01902,0.00908,0.07314,0.01034
285,0.01999,0.98853,0.13979,0.17783,0.13522,0.01912,0.00729,0.04892,0.00691
286,0.01000,0.93621,0.13240,0.17403,0.12855,0.01818,0.00431,0.07473,0.01056
287,0.01499,0.90389,0.12782,0.16951,0.13458,0.01903,0.00170,0.05301,0.00749
288,0.01499,1.11068,0.15707,0.17466,0.13718,0.01940,0.01066,0.07478,0.01057
289,0.00999,1.08609,0.15359,0.18097,0.12279,0.01736,0.00304,0.07596,0.01074
290,0.02000,1.06094,0.15003,0.17792,0.11568,0.01636,0.00839,0.06642,0.00939
291,0.00700,1.00269,0.14180,0.17518,0.13446,0.01901,0.00042,0.06271,0.00886
292,0.00799,1.04548,0.14785,0.19106,0.13973,0.01976,0.01622,0.06845,0.00968
293,0.01999,1.12774,0.15948,0.20904,0.13574,0.01919,0.00523,0.06597,0.00933
294,0.00699,1.06023,0.14993,0.20663,0.14478,0.02047,0.00180,0.07059,0.00998
295,0.00800,0.97346,0.13766,0.19726,0.14121,0.01997,0.00649,0.07030,0.00994
296,0.01500,1.07945,0.15265,0.18874,0.14331,0.02026,0.00793,0.07586,0.01072
297,0.01999,0.87686,0.12400,0.17877,0.14244,0.02014,0.00543,0.06447,0.00911
298,0.00199,0.96218,0.13607,0.17838,0.14573,0.02060,0.00626,0.05469,0.00773
299,0.01999,1.03174,0.14591,0.18398,0.13817,0.01954,0.01204,0.05849,0.00827
300,0.00499,0.94716,0.13394,0.20335,0.14528,0.02054,0.02225,0.06525,0.00922
301,0.02000,0.99176,0.14025,0.21763,0.14241,0.02014,0.00381,0.06188,0.00875
302,0.00999,0.99904,0.14128,0.20989,0.15746,0.02226,0.00387,0.06064,0.00857
303,0.01999,0.95288,0.13475,0.20778,0.15831,0.02238,0.00750,0.05881,0.00831
304,0.02000,1.16627,0.16493,0.19264,0.15135,0.02140,0.01174,0.06374,0.00901
305,0.01500,1.04753,0.14814,0.18865,0.14580,0.02062,0.00781,0.06555,0.00927
306,0.01500,0.89667,0.12680,0.19977,0.14055,0.01987,0.01070,0.06439,0.00910
307,0.01500,0.95510,0.13507,0.21467,0.13891,0.01964,0.00385,0.06412,0.00906
308,0.02000,0.97421,0.13777,0.21828,0.15208,0.02150,0.00689,0.06358,0.00899
309,0.01500,0.93676,0.13247,0.21829,0.15778,0.02231,0.01056,0.06504,0.00919
310,0.01999,0.87309,0.12347,0.22283,0.16720,0.02364,0.00792,0.06151,0.00869
311,0.01499,0.99856,0.14121,0.22539,0.16474,0.02329,0.00750,0.06182,0.00874
312,0.00800,1.01441,0.14345,0.21765,0.15891,0.02247,0.01484,0.06408,0.00906
313,0.00300,0.99826,0.14117,0.20169,0.15889,0.02247,0.01691,0.08103,0.01146
314,0.01500,0.78950,0.11165,0.18696,0.14878,0.02104,0.01088,0.06517,0.00921
315,0.02000,0.88470,0.12511,0.19204,0.14494,0.02049,0.00812,0.06405,0.00905
316,0.01499,0.82880,0.11721,0.19287,0.13463,0.01904,0.00172,0.06177,0.00873
317,0.02000,0.98081,0.13870,0.19717,0.13327,0.01884,0.01051,0.06259,0.00885
318,0.02000,1.04168,0.14731,0.19656,0.13184,0.01864,0.00299,0.06603,0.00933
319,0.00799,1.09477,0.15482,0.20850,0.14634,0.02069,0.00267,0.05943,0.00840
320,0.01499,1.04743,0.14812,0.21951,0.14178,0.02005,0.00066,0.06097,0.00862
321,0.01999,0.98163,0.13882,0.22782,0.14528,0.02054,0.00672,0.05883,0.00832
322,0.01000,1.00742,0.14247,0.22385,0.15380,0.02175,0.00148,0.06209,0.00878
323,0.01999,1.12831,0.15956,0.23183,0.15714,0.02222,0.00854,0.06501,0.00919
324,0.01000,1.02254,0.14460,0.22788,0.15585,0.02204,0.00149,0.06284,0.00888
325,0.00099,0.83650,0.11830,0.21985,0.15245,0.02155,0.00496,0.06720,0.00950
326,0.01699,0.91671,0.12964,0.21729,0.14440,0.02042,0.01539,0.05733,0.00810
327,0.00500,0.76754,0.10854,0.21643,0.13669,0.01933,0.00243,0.06524,0.00922
328,0.01200,0.80495,0.11383,0.20417,0.13847,0.01958,0.00229,0.07474,0.01057
329,0.01499,0.97817,0.13833,0.19724,0.14024,0.01983,0.00627,0.06245,0.00883
330,0.00500,1.03948,0.14700,0.19663,0.12542,0.01773,0.00510,0.06548,0.00926
331,0.01500,1.02991,0.14565,0.19770,0.13037,0.01843,0.00733,0.06903,0.00976
332,0.00499,1.07917,0.15261,0.20500,0.14584,0.02062,0.00636,0.06097,0.00862
333,0.00799,0.85477,0.12088,0.20560,0.14739,0.02084,0.00291,0.07195,0.01017
334,0.00499,1.03533,0.14641,0.20602,0.14123,0.01997,0.02052,0.08180,0.01156
335,0.00799,0.90057,0.12736,0.20877,0.14137,0.01999,0.00172,0.07132,0.01008
336,0.00799,1.09409,0.15472,0.21288,0.14207,0.02009,0.01824,0.06703,0.00948
337,0.00499,0.91363,0.12920,0.20395,0.13757,0.01945,0.00813,0.06773,0.00957
338,0.02000,0.94307,0.13337,0.19788,0.13369,0.01890,0.00403,0.07824,0.01106
339,0.00000,0.99584,0.14083,0.18940,0.12748,0.01802,0.01732,0.06436,0.00910
340,0.01299,1.04378,0.14761,0.19022,0.12739,0.01801,0.00386,0.06606,0.00934
341,0.00000,1.07349,0.15181,0.18992,0.13632,0.01927,0.01462,0.07501,0.01060
342,0.01999,1.15052,0.16270,0.19060,0.14423,0.02039,0.00096,0.06493,0.00918
343,0.01799,0.93475,0.13219,0.18784,0.13309,0.01882,0.00096,0.06869,0.00971
344,0.00800,0.94664,0.13387,0.17168,0.13995,0.01979,0.01093,0.06358,0.00899
345,0.02000,0.86063,0.12171,0.15749,0.14258,0.02016,0.01115,0.06084,0.00860
346,0.00699,1.03691,0.14664,0.15517,0.14018,0.01982,0.00720,0.05841,0.00826
347,0.00600,1.11393,0.15753,0.17002,0.13830,0.01955,0.00787,0.06190,0.00875
348,0.01700,1.02716,0.14526,0.18128,0.13199,0.01866,0.00305,0.06075,0.00859
349,0.02000,0.94058,0.13301,0.16181,0.12552,0.01775,0.00341,0.07342,0.01038
350,0.01200,1.06969,0.15127,0.15959,0.12327,0.01743,0.01949,0.06405,0.00905
351,0.02000,0.84746,0.11984,0.16743,0.13286,0.01878,0.00008,0.05768,0.00815
352,0.00300,0.94039,0.13299,0.15474,0.13447,0.01901,0.02279,0.05571,0.00787
353,0.02000,1.04632,0.14797,0.15679,0.12981,0.01835,0.00005,0.07122,0.01007
354,0.00699,1.02708,0.14525,0.16579,0.13262,0.01875,0.01677,0.07109,0.01005
355,0.02000,0.92287,0.13051,0.17617,0.13413,0.01896,0.00184,0.07460,0.01055
356,0.02000,0.96140,0.13596,0.17754,0.14630,0.02069,0.00036,0.06314,0.00893
357,0.01799,1.14615,0.16209,0.17803,0.14066,0.01989,0.00273,0.05716,0.00808
358,0.01700,1.01580,0.14365,0.16362,0.13678,0.01934,0.00266,0.06369,0.00900
359,0.01299,0.89558,0.12665,0.16096,0.13522,0.01912,0.00893,0.06918,0.00978
360,0.01999,0.97780,0.13828,0.16696,0.13052,0.01845,0.00374,0.05326,0.00753
361,0.01299,1.04865,0.14830,0.17225,0.12968,0.01834,0.00175,0.06636,0.00938
362,0.00499,0.92597,0.13095,0.17820,0.12894,0.01823,0.00073,0.06615,0.00935
363,0.00099,0.98815,0.13974,0.17422,0.11692,0.01653,0.00264,0.07470,0.01056
364,0.01700,1.08837,0.15391,0.19300,0.12231,0.01729,0.01286,0.06245,0.00883
365,0.01800,1.01038,0.14288,0.19979,0.13890,0.01964,0.00393,0.06577,0.00930
366,0.02000,0.99548,0.14078,0.20990,0.14826,0.02096,0.00142,0.06222,0.00880
367,0.01299,0.99893,0.14127,0.21346,0.14718,0.02081,0.01786,0.06389,0.00903
368,0.00599,1.04180,0.14733,0.21344,0.15146,0.02142,0.01513,0.07712,0.01090
369,0.00199,0.91722,0.12971,0.23124,0.14395,0.02035,0.00832,0.06958,0.00984
370,0.01199,1.15015,0.16265,0.23629,0.14399,0.02036,0.00732,0.08468,0.01197
371,0.02000,1.05560,0.14928,0.24264,0.14718,0.02081,0.00636,0.08691,0.01229
372,0.02000,1.06526,0.15065,0.25385,0.15335,0.02168,0.00638,0.06664,0.00942
373,0.00199,0.94005,0.13294,0.25186,0.16285,0.02303,0.00357,0.07057,0.00998
374,0.01799,1.12719,0.15940,0.23342,0.17117,0.02420,0.01289,0.06959,0.00984
375,0.01199,0.98506,0.13930,0.22660,0.16542,0.02339,0.00301,0.06738,0.00952
376,0.00700,1.02244,0.14459,0.23624,0.16534,0.02338,0.00211,0.06931,0.00980
377,0.01299,0.93892,0.13278,0.22977,0.15995,0.02262,0.01474,0.05550,0.00784
378,0.02000,1.03455,0.14630,0.22346,0.15624,0.02209,0.00311,0.06449,0.00912
379,0.02000,1.04278,0.14747,0.22222,0.14952,0.02114,0.00615,0.06754,0.00955
380,0.00699,1.16867,0.16527,0.20880,0.15291,0.02162,0.00600,0.06468,0.00914
381,0.01299,1.22624,0.17341,0.21095,0.15870,0.02244,0.00079,0.06966,0.00985
382,0.01999,1.00493,0.14211,0.20515,0.16051,0.02270,0.00318,0.07080,0.01001
383,0.01299,0.98156,0.13881,0.21367,0.15350,0.02170,0.01530,0.06299,0.00890
384,0.00499,1.06152,0.15012,0.21575,0.16543,0.02339,0.00246,0.08009,0.01132
385,0.01200,1.07184,0.15158,0.22007,0.16478,0.02330,0.00187,0.07198,0.01018
386,0.01999,1.01710,0.14383,0.22608,0.17117,0.02420,0.00642,0.06621,0.00936
387,0.01199,1.05007,0.14850,0.22903,0.17024,0.02407,0.00153,0.07286,0.01030
388,0.00099,1.07858,0.15253,0.23422,0.17359,0.02454,0.00964,0.05483,0.00775
389,0.01200,1.04534,0.14783,0.24045,0.18023,0.02548,0.01823,0.05806,0.00821
390,0.02000,1.01093,0.14296,0.24885,0.17768,0.02512,0.00059,0.05442,0.00769
391,0.00300,1.17244,0.16580,0.24301,0.17943,0.02537,0.01447,0.06457,0.00913
392,0.00699,0.95765,0.13543,0.25217,0.17709,0.02504,0.00155,0.06891,0.00974
393,0.01299,1.03584,0.14649,0.26487,0.16805,0.02376,0.00239,0.06178,0.00873
394,0.02000,1.08078,0.15284,0.25968,0.16259,0.02299,0.00382,0.06636,0.00938
395,0.01799,0.93213,0.13182,0.24271,0.15526,0.02195,0.02284,0.05567,0.00787
396,0.01200,0.93335,0.13199,0.21258,0.15037,0.02126,0.02041,0.06028,0.00852
397,0.01999,0.96358,0.13627,0.20241,0.14234,0.02013,0.00244,0.06663,0.00942
398,0.00699,0.96457,0.13641,0.20143,0.14673,0.02075,0.00544,0.06337,0.00896
399,0.01299,0.97538,0.13794,0.20345,0.15354,0.02171,0.00366,0.07053,0.00997
400,0.02000,0.98025,0.13862,0.20421,0.15914,0.02250,0.00203,0.05952,0.00841
401,0.01299,0.98660,0.13952,0.21156,0.14920,0.02110,0.00284,0.06815,0.00963
402,0.01299,0.98111,0.13875,0.20930,0.14954,0.02114,0.00860,0.06261,0.00885
403,0.01500,0.89901,0.12713,0.20669,0.15075,0.02132,0.00024,0.06788,0.00960
404,0.00500,0.89628,0.12675,0.21032,0.15841,0.02240,0.00078,0.06991,0.00988
405,0.01999,0.91678,0.12965,0.20597,0.15612,0.02207,0.00308,0.06645,0.00939
406,0.00400,0.99593,0.14084,0.19831,0.16102,0.02277,0.00118,0.07476,0.01057
407,0.00100,0.87871,0.12426,0.20462,0.15105,0.02136,0.00477,0.06221,0.00879
408,0.02000,0.96067,0.13585,0.18764,0.14464,0.02045,0.01145,0.06479,0.00916
409,0.01699,0.96283,0.13616,0.17840,0.12476,0.01764,0.00225,0.07162,0.01012
410,0.00799,0.93863,0.13274,0.16865,0.10868,0.01537,0.01880,0.05662,0.00800
411,0.00200,0.98903,0.13987,0.16195,0.11765,0.01663,0.00729,0.06531,0.00923
412,0.00700,1.05441,0.14911,0.15871,0.12174,0.01721,0.00092,0.07167,0.01013
413,0.01800,0.93726,0.13254,0.15679,0.12455,0.01761,0.01525,0.06042,0.00854
414,0.01999,0.83904,0.11865,0.14320,0.12406,0.01754,0.01005,0.06327,0.00894
415,0.02000,0.99864,0.14123,0.13427,0.11628,0.01644,0.00958,0.07036,0.00995
416,0.01999,0.99267,0.14038,0.13374,0.10674,0.01509,0.00511,0.06464,0.00914
417,0.00700,0.94063,0.13302,0.13914,0.10749,0.01520,0.00050,0.06615,0.00935
418,0.02000,0.92816,0.13126,0.14033,0.11149,0.01576,0.01386,0.07634,0.01079
419,0.00500,1.00116,0.14158,0.16205,0.10893,0.01540,0.00064,0.08058,0.01139
420,0.00399,0.93641,0.13242,0.16035,0.12287,0.01737,0.00295,0.05857,0.00828
421,0.00199,0.82752,0.11702,0.15273,0.12657,0.01790,0.00026,0.06915,0.00977
422,0.01299,0.86780,0.12272,0.14715,0.11962,0.01691,0.00681,0.06133,0.00867
423,0.00500,0.89717,0.12687,0.14679,0.11767,0.01664,0.00480,0.05951,0.00841
424,0.01299,0.96554,0.13654,0.15201,0.12248,0.01732,0.02301,0.06362,0.00899
425,0.00100,0.84139,0.11899,0.15767,0.12736,0.01801,0.01794,0.06688,0.00945
426,0.01999,0.95571,0.13515,0.17040,0.13504,0.01909,0.00187,0.06083,0.00860
427,0.02000,0.99899,0.14127,0.17934,0.13413,0.01897,0.00428,0.05860,0.00828
428,0.01500,1.07187,0.15158,0.18009,0.13756,0.01945,0.00184,0.06309,0.00892
429,0.01499,1.02241,0.14459,0.19367,0.14617,0.02067,0.00466,0.06073,0.00858
430,0.00699,0.94074,0.13304,0.19434,0.15108,0.02136,0.00151,0.06658,0.00941
431,0.00000,0.96410,0.13634,0.20817,0.14552,0.02058,0.00044,0.05600,0.00792
432,0.00799,0.97063,0.13726,0.21379,0.14248,0.02015,0.00085,0.06015,0.00850
433,0.01499,0.95651,0.13527,0.22748,0.14053,0.01987,0.00994,0.06264,0.00885
434,0.02000,0.88396,0.12501,0.22131,0.14340,0.02028,0.00099,0.06445,0.00911
435,0.01499,1.04313,0.14752,0.21514,0.14210,0.02009,0.01374,0.06224,0.00880
436,0.01999,0.86400,0.12218,0.20284,0.14271,0.02018,0.00820,0.06608,0.00934
437,0.00299,0.95950,0.13569,0.18797,0.14310,0.02023,0.01003,0.06923,0.00979
438,0.01999,0.97508,0.13789,0.18818,0.14468,0.02046,0.00308,0.05496,0.00777
439,0.00800,0.88900,0.12572,0.19791,0.15605,0.02206,0.00124,0.07112,0.01005
440,0.00999,1.21852,0.17232,0.20502,0.16464,0.02328,0.00818,0.05395,0.00763
441,0.01499,1.02197,0.14452,0.19463,0.16282,0.02302,0.00853,0.07279,0.01029
442,0.01000,0.81920,0.11585,0.19499,0.15380,0.02175,0.01731,0.06811,0.00963
443,0.01500,1.03548,0.14643,0.18421,0.14504,0.02051,0.01134,0.05457,0.00771
444,0.01999,1.09151,0.15436,0.18274,0.14190,0.02006,0.00119,0.07530,0.01065
445,0.00700,1.04546,0.14785,0.18106,0.15495,0.02191,0.00259,0.06470,0.00915
446,0.02000,1.01843,0.14402,0.18413,0.16566,0.02342,0.02499,0.07150,0.01011
447,0.01999,0.95786,0.13546,0.19649,0.16637,0.02352,0.01289,0.07171,0.01014
448,0.00300,0.89746,0.12692,0.20638,0.15504,0.02192,0.00671,0.06687,0.00945
449,0.01000,1.03841,0.14685,0.21218,0.15328,0.02167,0.00678,0.06478,0.00916
450,0.01499,0.99213,0.14030,0.20078,0.16338,0.02310,0.01665,0.05658,0.00800
451,0.00500,1.04044,0.14714,0.19359,0.15609,0.02207,0.01527,0.06145,0.00869
452,0.02000,1.08475,0.15340,0.18163,0.14873,0.02103,0.00170,0.06587,0.00931
453,0.02000,1.09576,0.15496,0.18601,0.14253,0.02015,0.01766,0.07676,0.01085
454,0.01000,0.81993,0.11595,0.19018,0.15750,0.02227,0.00689,0.06860,0.00970
455,0.02000,1.01227,0.14315,0.19632,0.17200,0.02432,0.00502,0.05439,0.00769
456,0.00500,1.03035,0.14571,0.19595,0.18022,0.02548,0.00269,0.06078,0.00859
457,0.01500,0.90140,0.12747,0.19816,0.16996,0.02403,0.00283,0.06972,0.00986
458,0.02000,1.03744,0.14671,0.20454,0.17455,0.02468,0.00943,0.05252,0.00742
459,0.00999,0.99508,0.14072,0.20474,0.17205,0.02433,0.00310,0.06021,0.00851
460,0.00499,0.96618,0.13663,0.20548,0.15347,0.02170,0.00645,0.05928,0.00838
461,0.01499,1.09650,0.15506,0.20262,0.15345,0.02170,0.00836,0.05913,0.00836
462,0.01500,0.90549,0.12805,0.20931,0.16309,0.02306,0.01648,0.06520,0.00922
463,0.01500,1.06959,0.15126,0.22509,0.17312,0.02448,0.00449,0.06280,0.00888
464,0.01499,1.09294,0.15456,0.23025,0.18209,0.02575,0.00003,0.07371,0.01042
465,0.00699,0.81731,0.11558,0.22427,0.18560,0.02624,0.00972,0.05420,0.00766
466,0.01500,0.91800,0.12982,0.21363,0.16708,0.02362,0.00798,0.05718,0.00808
467,0.01999,0.92752,0.13117,0.21614,0.16369,0.02315,0.00672,0.06139,0.00868
468,0.01999,0.94857,0.13414,0.23503,0.16739,0.02367,0.01298,0.06130,0.00867
469,0.01000,0.92628,0.13099,0.23510,0.16602,0.02347,0.01132,0.06299,0.00890
470,0.01500,0.97422,0.13777,0.22418,0.16563,0.02342,0.01435,0.06507,0.00920
471,0.02000,1.12707,0.15939,0.21941,0.15559,0.02200,0.00709,0.05955,0.00842
472,0.00500,0.94537,0.13369,0.21669,0.14639,0.02070,0.00455,0.06615,0.00935
473,0.02000,0.96948,0.13710,0.21013,0.13527,0.01913,0.00689,0.06765,0.00956
474,0.00699,0.93375,0.13205,0.20959,0.13920,0.01968,0.00248,0.05802,0.00820
475,0.01999,1.12858,0.15960,0.19846,0.14580,0.02061,0.01072,0.07242,0.01024
476,0.01700,0.91611,0.12955,0.19163,0.13447,0.01901,0.00143,0.06841,0.00967
477,0.01499,1.00335,0.14189,0.18237,0.13080,0.01849,0.00827,0.07030,0.00994
478,0.01000,0.98488,0.13928,0.17432,0.12124,0.01714,0.00931,0.07338,0.01037
479,0.01999,1.07303,0.15174,0.18799,0.12906,0.01825,0.00980,0.07139,0.01009
480,0.01299,0.95350,0.13484,0.18232,0.13424,0.01898,0.01091,0.06546,0.00925
481,0.02000,1.08738,0.15377,0.17904,0.13638,0.01928,0.00310,0.07235,0.01023
482,0.02000,1.09681,0.15511,0.18542,0.14799,0.02093,0.00214,0.07070,0.00999
483,0.00199,0.91956,0.13004,0.19007,0.15222,0.02152,0.00930,0.06997,0.00989
484,0.00199,1.03261,0.14603,0.19365,0.14409,0.02037,0.00440,0.06790,0.00960
485,0.00400,0.90093,0.12741,0.18575,0.14192,0.02007,0.00253,0.07943,0.01123
486,0.02000,1.03193,0.14593,0.18900,0.14272,0.02018,0.00387,0.07095,0.01003
487,0.00300,0.93778,0.13262,0.18671,0.14465,0.02045,0.00042,0.07282,0.01029
488,0.01999,0.98178,0.13884,0.17961,0.14612,0.02066,0.00176,0.05815,0.00822
489,0.01200,1.05040,0.14855,0.17337,0.14928,0.02111,0.00083,0.06143,0.00868
490,0.00300,0.85506,0.12092,0.17036,0.15533,0.02196,0.00078,0.06061,0.00857
491,0.00299,0.82124,0.11614,0.17063,0.14414,0.02038,0.00308,0.05622,0.00795
492,0.01999,0.91104,0.12884,0.18556,0.14337,0.02027,0.00375,0.05824,0.00823
493,0.00200,0.92048,0.13017,0.18536,0.15575,0.02202,0.00144,0.06236,0.00881
494,0.01999,1.04675,0.14803,0.19248,0.15723,0.02223,0.01282,0.07333,0.01037
495,0.02000,0.92752,0.13117,0.19217,0.15372,0.02173,0.00365,0.07185,0.01016
496,0.00799,0.96105,0.13591,0.19596,0.15045,0.02127,0.00516,0.07721,0.01091
497,0.00499,0.98184,0.13885,0.20590,0.14893,0.02106,0.01510,0.06878,0.00972
498,0.01500,1.04293,0.14749,0.21764,0.15150,0.02142,0.00637,0.06183,0.00874
499,0.00000,0.99327,0.14047,0.21617,0.14976,0.02118,0.00777,0.06546,0.00925
500,0.01999,1.07331,0.15178,0.20073,0.16102,0.02277,0.00853,0.07826,0.01106
501,0.02000,1.04235,0.14741,0.20604,0.15688,0.02218,0.00384,0.05477,0.00774
502,0.00800,0.95248,0.13470,0.20158,0.14655,0.02072,0.01042,0.06465,0.00914
503,0.00700,1.00284,0.14182,0.19310,0.13860,0.01960,0.00128,0.06965,0.00985
504,0.01000,1.03290,0.14607,0.18880,0.14797,0.02092,0.00142,0.07645,0.01081
505,0.00999,0.92655,0.13103,0.18787,0.14304,0.02022,0.00515,0.06893,0.00974
506,0.00200,1.02161,0.14447,0.18138,0.14449,0.02043,0.00800,0.07396,0.01046
507,0.00400,0.97851,0.13838,0.18617,0.13415,0.01897,0.00806,0.07539,0.01066
508,0.01000,0.88645,0.12536,0.19519,0.14220,0.02011,0.01296,0.06977,0.00986
509,0.02000,1.05749,0.14955,0.20382,0.15006,0.02122,0.00088,0.06595,0.00932
510,0.01200,1.01934,0.14415,0.20394,0.14128,0.01998,0.01159,0.06720,0.00950
511,0.00200,1.04584,0.14790,0.19700,0.14834,0.02097,0.00923,0.06551,0.00926
512,0.01500,0.86776,0.12272,0.19503,0.14740,0.02084,0.00743,0.06558,0.00927
513,0.01999,0.95999,0.13576,0.20588,0.15184,0.02147,0.01191,0.07086,0.01002
514,0.00300,1.04452,0.14771,0.21446,0.15365,0.02172,0.01577,0.06405,0.00905
515,0.00300,0.81457,0.11519,0.21315,0.16157,0.02285,0.01072,0.07659,0.01083
516,0.01199,0.88507,0.12516,0.19700,0.15715,0.02222,0.02571,0.07023,0.00993
517,0.00799,1.00848,0.14262,0.19195,0.15993,0.02261,0.00289,0.06398,0.00904
518,0.02000,1.06526,0.15065,0.19542,0.16163,0.02285,0.00290,0.07354,0.01040
519,0.00300,0.91013,0.12871,0.19381,0.16730,0.02366,0.00329,0.07532,0.01065
520,0.01499,0.96691,0.13674,0.20023,0.15196,0.02149,0.00732,0.07225,0.01021
521,0.01500,1.03606,0.14652,0.18968,0.16427,0.02323,0.00585,0.06666,0.00942
522,0.02000,0.97036,0.13722,0.18430,0.17047,0.02410,0.00360,0.06315,0.00893
523,0.02000,1.14092,0.16135,0.18806,0.15433,0.02182,0.01138,0.07177,0.01015
524,0.01999,0.96285,0.13616,0.18098,0.14503,0.02051,0.00330,0.07070,0.00999
525,0.00500,0.93953,0.13287,0.17934,0.12793,0.01809,0.00136,0.05643,0.00798
526,0.00999,1.03155,0.14588,0.18826,0.13071,0.01848,0.01627,0.06276,0.00887
527,0.01000,0.98076,0.13870,0.19830,0.13475,0.01905,0.00086,0.07212,0.01019
528,0.00999,1.01449,0.14347,0.19251,0.14729,0.02083,0.01147,0.06382,0.00902
529,0.02000,0.97534,0.13793,0.20032,0.15048,0.02128,0.00620,0.07547,0.01067
530,0.01500,1.04910,0.14836,0.21870,0.17046,0.02410,0.02175,0.06313,0.00892
531,0.01000,0.88549,0.12522,0.22589,0.17628,0.02493,0.00937,0.05550,0.00784
532,0.01499,1.11464,0.15763,0.22786,0.18210,0.02575,0.01018,0.06849,0.00968
533,0.00999,0.91793,0.12981,0.23334,0.17507,0.02475,0.00593,0.06649,0.00940
534,0.01000,0.92476,0.13078,0.23310,0.15745,0.02226,0.00278,0.06022,0.00851
535,0.01999,0.92146,0.13031,0.23280,0.16066,0.02272,0.00672,0.07208,0.01019
536,0.01500,0.97587,0.13800,0.23029,0.15358,0.02171,0.00664,0.05887,0.00832
537,0.01499,1.13447,0.16043,0.23392,0.13787,0.01949,0.00081,0.06330,0.00895
538,0.01500,0.97088,0.13730,0.22953,0.14727,0.02082,0.00108,0.06275,0.00887
539,0.01499,1.08296,0.15315,0.21423,0.15036,0.02126,0.01231,0.05810,0.00821
540,0.02000,0.98030,0.13863,0.20908,0.14861,0.02101,0.00701,0.06612,0.00935
541,0.00499,1.13983,0.16119,0.20328,0.15292,0.02162,0.00070,0.06089,0.00861
542,0.02000,1.07554,0.15210,0.19642,0.14675,0.02075,0.00571,0.07467,0.01056
543,0.02000,1.11166,0.15721,0.20816,0.14219,0.02010,0.01306,0.06860,0.00970
544,0.00999,1.11932,0.15829,0.22287,0.13172,0.01862,0.00857,0.06374,0.00901
545,0.01499,1.14896,0.16248,0.23157,0.13599,0.01923,0.00813,0.06883,0.00973
546,0.01499,0.98545,0.13936,0.21874,0.14629,0.02068,0.01071,0.06857,0.00969
547,0.01999,1.03373,0.14619,0.20885,0.15366,0.02173,0.01070,0.08037,0.01136
548,0.01500,1.18757,0.16794,0.20853,0.15571,0.02202,0.00121,0.06778,0.00958
549,0.01500,0.86297,0.12204,0.20313,0.14680,0.02076,0.01397,0.07657,0.01082
550,0.01499,0.88742,0.12550,0.20379,0.13913,0.01967,0.00106,0.08226,0.01163
551,0.01999,1.11364,0.15749,0.21548,0.14393,0.02035,0.00178,0.05837,0.00825
552,0.01000,1.16807,0.16519,0.21344,0.14886,0.02105,0.00457,0.07084,0.01001
553,0.00299,0.99410,0.14058,0.20056,0.14980,0.02118,0.00076,0.05969,0.00844
554,0.01499,1.13133,0.15999,0.20678,0.14866,0.02102,0.01045,0.05109,0.00722
555,0.01499,1.08789,0.15385,0.20601,0.15496,0.02191,0.00551,0.07156,0.01012
556,0.02000,0.98797,0.13972,0.21700,0.15575,0.02202,0.01159,0.07185,0.01016
557,0.01500,1.04073,0.14718,0.22013,0.15612,0.02207,0.01273,0.06552,0.00926
558,0.00999,0.85281,0.12060,0.20351,0.15223,0.02152,0.01049,0.07680,0.01086
559,0.02000,0.93872,0.13275,0.19375,0.15261,0.02158,0.00156,0.06313,0.00892
560,0.01999,1.00692,0.14240,0.20297,0.14849,0.02100,0.00497,0.06214,0.00878
561,0.00500,0.92645,0.13102,0.20587,0.13888,0.01964,0.01054,0.06658,0.00941
562,0.01500,1.16013,0.16406,0.19823,0.14316,0.02024,0.00257,0.06497,0.00918
563,0.00500,0.73499,0.10394,0.18002,0.15776,0.02231,0.00090,0.07786,0.01101
564,0.01000,1.02961,0.14560,0.18432,0.15910,0.02250,0.01174,0.06380,0.00902
565,0.01499,0.95724,0.13537,0.19259,0.15892,0.02247,0.01028,0.06958,0.00984
566,0.02000,1.01167,0.14307,0.18510,0.15802,0.02234,0.01896,0.05745,0.00812
567,0.00200,1.03280,0.14606,0.17149,0.14197,0.02007,0.01098,0.06760,0.00956
568,0.01999,1.06456,0.15055,0.16548,0.13461,0.01903,0.00478,0.06562,0.00928
569,0.01500,0.96582,0.13658,0.15913,0.13949,0.01972,0.00803,0.06508,0.00920
570,0.00199,0.97554,0.13796,0.15821,0.14366,0.02031,0.00563,0.05608,0.00793
571,0.00300,1.05377,0.14902,0.15997,0.14992,0.02120,0.00110,0.05954,0.00842
572,0.00299,0.96733,0.13680,0.16485,0.14355,0.02030,0.01505,0.06719,0.00950
573,0.02000,1.14372,0.16174,0.16572,0.12903,0.01824,0.00960,0.07800,0.01103
574,0.00499,1.10255,0.15592,0.16889,0.12511,0.01769,0.01243,0.06829,0.00965
575,0.00100,1.11608,0.15783,0.16744,0.12105,0.01712,0.00982,0.06930,0.00980
576,0.01999,1.15758,0.16370,0.15260,0.12801,0.01810,0.00785,0.06790,0.00960
577,0.01500,0.97427,0.13778,0.14607,0.13144,0.01858,0.01079,0.08270,0.01169
578,0.00699,1.05952,0.14983,0.15734,0.12235,0.01730,0.00113,0.05601,0.00792
579,0.01999,1.03754,0.14673,0.16885,0.13811,0.01953,0.00779,0.07743,0.01095
580,0.00000,0.92574,0.13091,0.18170,0.13674,0.01933,0.00262,0.05560,0.00786
581,0.00199,1.02815,0.14540,0.18709,0.13970,0.01975,0.00662,0.06089,0.00861
582,0.01500,0.89661,0.12680,0.19154,0.14427,0.02040,0.00278,0.06325,0.00894
583,0.01999,1.08632,0.15362,0.18999,0.14683,0.02076,0.00631,0.05665,0.00801
584,0.01999,0.97626,0.13806,0.19518,0.14788,0.02091,0.00282,0.07413,0.01048
585,0.01700,1.04343,0.14756,0.19433,0.14137,0.01999,0.00292,0.05632,0.00796
586,0.01999,1.04364,0.14759,0.19404,0.14343,0.02028,0.00860,0.07013,0.00991
587,0.02000,0.87361,0.12354,0.18837,0.14959,0.02115,0.00777,0.06158,0.00870
588,0.00500,0.92218,0.13041,0.18233,0.16224,0.02294,0.00290,0.05436,0.00768
589,0.00400,0.93674,0.13247,0.19417,0.15606,0.02207,0.00785,0.06798,0.00961
590,0.02000,1.04374,0.14760,0.19540,0.14458,0.02044,0.00331,0.06932,0.00980
591,0.00100,1.16294,0.16446,0.18787,0.14137,0.01999,0.00097,0.06853,0.00969
592,0.01499,0.96587,0.13659,0.19069,0.14469,0.02046,0.00168,0.06515,0.00921
593,0.01999,0.80746,0.11419,0.17662,0.14615,0.02066,0.02271,0.06472,0.00915
594,0.02000,1.02601,0.14509,0.17678,0.14358,0.02030,0.00182,0.06601,0.00933
595,0.00999,1.12196,0.15866,0.18145,0.14752,0.02086,0.00217,0.06576,0.00930
596,0.00799,0.95505,0.13506,0.18645,0.14937,0.02112,0.00696,0.07143,0.01010
597,0.00500,1.03209,0.14596,0.18716,0.14303,0.02022,0.00978,0.06093,0.00861
598,0.02000,1.03450,0.14630,0.18548,0.14249,0.02015,0.00868,0.07607,0.01075
599,0.01000,1.09744,0.15520,0.17042,0.14875,0.02103,0.01599,0.07291,0.01031
600,0.00499,0.95494,0.13504,0.16768,0.15616,0.02208,0.02666,0.07208,0.01019
601,0.02000,0.91940,0.13002,0.17692,0.15781,0.02231,0.00242,0.05549,0.00784
602,0.01299,1.06704,0.15090,0.17714,0.15282,0.02161,0.00227,0.06943,0.00981
603,0.00100,0.90677,0.12823,0.18310,0.15390,0.02176,0.00869,0.07321,0.01035
604,0.00200,1.11013,0.15699,0.19400,0.14891,0.02105,0.00612,0.06005,0.00849
605,0.01200,1.03954,0.14701,0.19947,0.14569,0.02060,0.00490,0.06435,0.00910
606,0.02000,0.78942,0.11164,0.19255,0.14152,0.02001,0.00706,0.06538,0.00924
607,0.01200,0.83261,0.11775,0.17631,0.14808,0.02094,0.01336,0.07921,0.01120
608,0.00999,0.91814,0.12984,0.17260,0.15737,0.02225,0.00008,0.06995,0.00989
609,0.00300,0.87031,0.12308,0.18225,0.15729,0.02224,0.00016,0.07770,0.01098
610,0.00999,1.00419,0.14201,0.17841,0.15089,0.02133,0.00084,0.07762,0.01097
611,0.00700,1.03382,0.14620,0.18473,0.14414,0.02038,0.00880,0.07104,0.01004
612,0.01500,0.84535,0.11955,0.18037,0.13474,0.01905,0.00353,0.07926,0.01120
613,0.01999,1.03817,0.14681,0.15462,0.13496,0.01908,0.01836,0.06547,0.00925
614,0.01999,0.88011,0.12446,0.15713,0.14358,0.02030,0.01094,0.06883,0.00973
615,0.01799,0.97358,0.13768,0.15733,0.13736,0.01942,0.00794,0.06232,0.00881
616,0.00999,1.06976,0.15128,0.16454,0.14112,0.01995,0.02660,0.06886,0.00973
617,0.00299,1.05500,0.14920,0.18499,0.14191,0.02006,0.01599,0.05655,0.00799
618,0.0,0.92027,0.13014,0.19167,0.13231,0.01871,0.00456,0.07556,0.01068
619,0.01200,0.97275,0.13756,0.20031,0.13933,0.01970,0.00224,0.06996,0.00989
620,0.01999,0.98747,0.13964,0.20511,0.15010,0.02122,0.00352,0.07482,0.01058
621,0.01200,1.01914,0.14412,0.19873,0.16536,0.02338,0.00103,0.07023,0.00993
622,0.01799,0.92150,0.13032,0.20475,0.15751,0.02227,0.00441,0.06361,0.00899
623,0.01999,0.99317,0.14045,0.20775,0.16061,0.02271,0.00744,0.06285,0.00888
624,0.00499,0.95127,0.13453,0.19681,0.17006,0.02405,0.01220,0.06804,0.00962
625,0.01299,0.92955,0.13145,0.19585,0.15589,0.02204,0.01204,0.07787,0.01101
626,0.00500,1.04777,0.14817,0.18150,0.15091,0.02134,0.00390,0.06557,0.00927
627,0.00199,0.99025,0.14004,0.16822,0.14787,0.02091,0.00846,0.07052,0.00997
628,0.00300,0.86025,0.12165,0.17553,0.14349,0.02029,0.00538,0.06865,0.00970
629,0.00000,1.01222,0.14315,0.18914,0.15574,0.02202,0.00682,0.06191,0.00875
630,0.00000,1.13172,0.16004,0.18188,0.16022,0.02265,0.00727,0.07271,0.01028
631,0.00700,0.90161,0.12750,0.17595,0.15681,0.02217,0.00551,0.07028,0.00993
632,0.01299,0.97548,0.13795,0.17277,0.16019,0.02265,0.00943,0.06399,0.00905
633,0.01699,1.07380,0.15185,0.16768,0.16138,0.02282,0.00083,0.06601,0.00933
634,0.00199,0.93423,0.13212,0.17555,0.16749,0.02368,0.01267,0.05521,0.00780
635,0.02000,1.01355,0.14333,0.18828,0.16942,0.02396,0.00250,0.05746,0.00812
636,0.02000,0.93461,0.13217,0.19835,0.16113,0.02278,0.00516,0.06230,0.00881
637,0.00500,1.02723,0.14527,0.19327,0.15603,0.02206,0.00118,0.06215,0.00878
638,0.01800,1.05065,0.14858,0.18042,0.16550,0.02340,0.00314,0.07088,0.01002
639,0.02000,0.85428,0.12081,0.17724,0.15687,0.02218,0.00533,0.06680,0.00944
640,0.01299,0.97230,0.13750,0.18225,0.15071,0.02131,0.01257,0.06918,0.00978
641,0.01999,1.05848,0.14969,0.18441,0.15269,0.02159,0.00651,0.05878,0.00831
642,0.00800,1.19089,0.16841,0.18649,0.15459,0.02186,0.01435,0.06176,0.00873
643,0.01700,1.00521,0.14215,0.18224,0.15837,0.02239,0.00378,0.07510,0.01062
644,0.01799,0.99843,0.14120,0.18639,0.14229,0.02012,0.00251,0.07084,0.01001
645,0.01700,0.89596,0.12670,0.17959,0.12834,0.01815,0.00739,0.05959,0.00842
646,0.00299,0.90710,0.12828,0.17113,0.13177,0.01863,0.00722,0.06408,0.00906
647,0.00800,0.84115,0.11895,0.16575,0.13454,0.01902,0.00184,0.07014,0.00992
648,0.00000,1.01518,0.14356,0.18135,0.14984,0.02119,0.02029,0.06957,0.00983
649,0.01699,1.04290,0.14748,0.19738,0.14639,0.02070,0.00619,0.06974,0.00986
650,0.01799,0.91835,0.12987,0.19365,0.13167,0.01862,0.01912,0.06834,0.00966
651,0.00400,0.96155,0.13598,0.18738,0.13316,0.01883,0.00600,0.05549,0.00784
652,0.01799,0.97676,0.13813,0.17852,0.13709,0.01938,0.01355,0.06181,0.00874
653,0.02000,0.91049,0.12876,0.17727,0.11755,0.01662,0.00462,0.05624,0.00795
654,0.00800,1.09445,0.15477,0.17697,0.11460,0.01620,0.00011,0.06106,0.00863
655,0.02000,0.92574,0.13091,0.18381,0.12578,0.01778,0.00124,0.06367,0.00900
656,0.02000,0.85796,0.12133,0.18388,0.12811,0.01811,0.00192,0.06377,0.00901
657,0.00399,0.89976,0.12724,0.16506,0.12453,0.01761,0.01189,0.06323,0.00894
658,0.01299,1.08128,0.15291,0.16382,0.13402,0.01895,0.01070,0.07094,0.01003
659,0.02000,1.05090,0.14862,0.17050,0.14419,0.02039,0.00630,0.06287,0.00889
660,0.01299,1.04622,0.14795,0.18019,0.14066,0.01989,0.00051,0.05920,0.00837
661,0.00699,0.84964,0.12015,0.16949,0.12725,0.01799,0.00810,0.06698,0.00947
662,0.00000,0.90653,0.12820,0.16239,0.12683,0.01793,0.00440,0.06696,0.00947
663,0.00599,1.00058,0.14150,0.16291,0.12781,0.01807,0.00407,0.05620,0.00794
664,0.01500,0.96063,0.13585,0.16003,0.12893,0.01823,0.00447,0.06082,0.00860
665,0.01499,1.11145,0.15718,0.16028,0.12715,0.01798,0.00040,0.06581,0.00930
666,0.00500,1.06034,0.14995,0.15924,0.12923,0.01827,0.00795,0.06132,0.00867
667,0.01700,1.13721,0.16082,0.16703,0.13050,0.01845,0.01544,0.07008,0.00991
668,0.01800,1.13025,0.15984,0.18283,0.13844,0.01957,0.01025,0.06337,0.00896
669,0.01999,1.07851,0.15252,0.18571,0.13550,0.01916,0.00428,0.07947,0.01123
670,0.00299,0.94363,0.13344,0.18611,0.13495,0.01908,0.00325,0.06205,0.00877
671,0.02000,1.03145,0.14586,0.17068,0.15007,0.02122,0.00627,0.07824,0.01106
672,0.01500,0.90428,0.12788,0.17297,0.14156,0.02002,0.01119,0.06106,0.00863
673,0.00999,1.09270,0.15453,0.16315,0.12727,0.01799,0.02001,0.06038,0.00853
674,0.02000,1.02825,0.14541,0.15415,0.12593,0.01781,0.00821,0.06380,0.00902
675,0.01999,0.81871,0.11578,0.15727,0.13019,0.01841,0.01088,0.06641,0.00939
676,0.00600,1.00645,0.14233,0.17252,0.13163,0.01861,0.01930,0.06827,0.00965
677,0.02000,0.88232,0.12477,0.18343,0.13290,0.01879,0.00450,0.06293,0.00889
678,0.02000,1.08115,0.15289,0.18991,0.13367,0.01890,0.01126,0.06742,0.00953
679,0.00000,1.06723,0.15093,0.19783,0.13969,0.01975,0.01738,0.07549,0.01067
680,0.00099,0.91046,0.12875,0.20607,0.13861,0.01960,0.00168,0.05540,0.00783
681,0.00499,0.98240,0.13893,0.19723,0.14583,0.02062,0.00986,0.06068,0.00858
682,0.01799,0.88112,0.12460,0.19061,0.15104,0.02136,0.00305,0.06432,0.00909
683,0.01999,0.81786,0.11566,0.18462,0.16124,0.02280,0.00899,0.06274,0.00887
684,0.01800,0.86155,0.12184,0.17960,0.15542,0.02198,0.01086,0.06975,0.00986
685,0.00499,1.06959,0.15126,0.18885,0.16363,0.02314,0.01471,0.04942,0.00698
686,0.01200,0.88839,0.12563,0.19077,0.16173,0.02287,0.00516,0.06916,0.00978
687,0.02000,0.99327,0.14047,0.18858,0.15586,0.02204,0.01633,0.05695,0.00805
688,0.01700,0.97727,0.13820,0.18383,0.14803,0.02093,0.00430,0.07087,0.01002
689,0.02000,1.00274,0.14180,0.18632,0.15447,0.02184,0.01363,0.05533,0.00782
690,0.00000,0.86850,0.12282,0.19558,0.15280,0.02161,0.00070,0.07425,0.01050
691,0.01999,1.22539,0.17329,0.19686,0.15278,0.02160,0.00189,0.06455,0.00913
692,0.00599,1.09520,0.15488,0.19342,0.14701,0.02079,0.01041,0.09828,0.01389
693,0.01799,1.08511,0.15345,0.18986,0.15045,0.02127,0.00734,0.06771,0.00957
694,0.01499,1.17716,0.16647,0.19166,0.15603,0.02206,0.00426,0.07024,0.00993
695,0.01699,1.03998,0.14707,0.19614,0.15666,0.02215,0.01122,0.07421,0.01049
696,0.01000,1.17217,0.16577,0.20734,0.16678,0.02358,0.01309,0.07523,0.01063
697,0.02000,0.99030,0.14004,0.20247,0.18877,0.02669,0.00777,0.07959,0.01125
698,0.02040,1.00432,0.14347,0.17227,0.13377,0.01911,0.00065,0.06935,0.00990
699,0.00408,0.96467,0.13781,0.16953,0.13245,0.01892,0.01294,0.06672,0.00953
700,0.01224,1.11160,0.15880,0.17475,0.13183,0.01883,0.00852,0.06584,0.00940
701,0.00816,1.00205,0.14315,0.18121,0.13194,0.01884,0.00685,0.07419,0.01059
702,0.01224,0.98667,0.14095,0.17403,0.13266,0.01895,0.00743,0.06914,0.00987
703,0.02040,0.94673,0.13524,0.16292,0.13146,0.01878,0.01013,0.05997,0.00856
704,0.01224,1.09173,0.15596,0.16968,0.12827,0.01832,0.00579,0.05834,0.00833
705,0.00204,1.01211,0.14458,0.17201,0.12447,0.01778,0.00414,0.05979,0.00854
706,0.00306,1.01912,0.14558,0.17576,0.13028,0.01861,0.01196,0.06342,0.00906
707,0.00510,0.91624,0.13089,0.17309,0.13346,0.01906,0.00677,0.06203,0.00886
708,0.01836,0.89520,0.12788,0.18114,0.13730,0.01961,0.01320,0.06166,0.00880
709,0.01224,0.93325,0.13332,0.18076,0.14549,0.02078,0.00173,0.06680,0.00954
710,0.01530,1.04491,0.14927,0.19018,0.13128,0.01875,0.00506,0.06982,0.00997
711,0.02040,0.96805,0.13829,0.18400,0.12259,0.01751,0.00667,0.06461,0.00923
712,0.00510,1.02465,0.14637,0.18298,0.11999,0.01714,0.00704,0.05136,0.00733
713,0.02040,0.62759,0.08965,0.18113,0.11777,0.01682,0.00186,0.07048,0.01006
714,0.01224,0.88522,0.12646,0.17045,0.12726,0.01818,0.01742,0.06326,0.00903
715,0.00000,0.96589,0.13798,0.17231,0.12259,0.01751,0.00228,0.06585,0.00940
716,0.01836,0.99538,0.14219,0.16970,0.12847,0.01835,0.00355,0.06319,0.00902
717,0.01530,1.14241,0.16320,0.16738,0.11855,0.01693,0.00488,0.07691,0.01098
718,0.01326,1.13864,0.16266,0.16907,0.12355,0.01765,0.00079,0.06871,0.00981
719,0.02040,1.14231,0.16318,0.18369,0.12013,0.01716,0.00216,0.06694,0.00956
720,0.01020,0.85272,0.12181,0.19883,0.11760,0.01680,0.01277,0.06932,0.00990
721,0.00306,1.14826,0.16403,0.19866,0.11876,0.01696,0.00057,0.06351,0.00907
722,0.00204,1.07337,0.15333,0.18074,0.12966,0.01852,0.00607,0.07818,0.01116
723,0.01530,0.98546,0.14078,0.16503,0.13750,0.01964,0.01610,0.05841,0.00834
724,0.00714,0.99313,0.14187,0.15801,0.13596,0.01942,0.00198,0.06610,0.00944
725,0.02040,1.01297,0.14471,0.16137,0.13463,0.01923,0.00210,0.05960,0.00851
726,0.02040,0.90918,0.12988,0.16606,0.13302,0.01900,0.00284,0.07153,0.01021
727,0.00204,0.83421,0.11917,0.15497,0.12508,0.01786,0.00301,0.06777,0.00968
728,0.01020,1.01332,0.14476,0.15721,0.11383,0.01626,0.01177,0.07605,0.01086
729,0.02040,1.00396,0.14342,0.16227,0.12023,0.01717,0.00369,0.06872,0.00981
730,0.01020,1.06526,0.15218,0.16972,0.14288,0.02041,0.00950,0.06440,0.00920
731,0.02040,1.02488,0.14641,0.18279,0.14732,0.02104,0.00911,0.06052,0.00864
732,0.01020,1.10254,0.15750,0.18211,0.13813,0.01973,0.00210,0.07732,0.01104
733,0.00306,1.00784,0.14397,0.17823,0.13637,0.01948,0.01882,0.06154,0.00879
734,0.00000,1.06541,0.15220,0.16996,0.13070,0.01867,0.00814,0.06179,0.00882
735,0.01530,0.94335,0.13476,0.17419,0.13232,0.01890,0.01675,0.05595,0.00799
736,0.02040,0.92873,0.13267,0.19168,0.13354,0.01907,0.00325,0.05549,0.00792
737,0.02040,1.00208,0.14315,0.19446,0.13896,0.01985,0.00774,0.06434,0.00919
738,0.01020,1.09483,0.15640,0.19447,0.14681,0.02097,0.00204,0.05543,0.00791
739,0.00510,1.03698,0.14814,0.19507,0.14662,0.02094,0.00878,0.06255,0.00893
740,0.01530,0.97996,0.13999,0.19353,0.14192,0.02027,0.01166,0.06263,0.00894
741,0.01530,0.92052,0.13150,0.20225,0.14831,0.02118,0.01391,0.05833,0.00833
742,0.01020,1.01211,0.14458,0.20519,0.15345,0.02192,0.00302,0.06001,0.00857
743,0.02040,1.12340,0.16048,0.19417,0.14922,0.02131,0.00916,0.07024,0.01003
744,0.01530,0.79956,0.11422,0.19662,0.15356,0.02193,0.01170,0.06467,0.00923
745,0.00204,0.96879,0.13839,0.19211,0.14133,0.02019,0.01411,0.06959,0.00994
746,0.01530,0.97054,0.13864,0.18970,0.14842,0.02120,0.00619,0.06076,0.00868
747,0.02040,0.93409,0.13344,0.19972,0.14819,0.02117,0.00422,0.05191,0.00741
748,0.02040,0.93959,0.13422,0.19293,0.14569,0.02081,0.00859,0.06776,0.00968
749,0.01530,0.99124,0.14160,0.18552,0.14068,0.02009,0.00445,0.06467,0.00923
750,0.02040,0.83665,0.11952,0.16759,0.14330,0.02047,0.00479,0.06653,0.00950
751,0.02040,1.02851,0.14693,0.16682,0.13979,0.01997,0.00773,0.05852,0.00836
752,0.01020,1.02608,0.14658,0.17725,0.13991,0.01998,0.00947,0.06180,0.00882
753,0.01020,0.95692,0.13670,0.18373,0.14095,0.02013,0.00768,0.06850,0.00978
754,0.01020,0.93355,0.13336,0.18675,0.14940,0.02134,0.00112,0.07253,0.01036
755,0.02040,1.07275,0.15325,0.19535,0.15302,0.02186,0.00292,0.06682,0.00954
756,0.00204,0.79282,0.11326,0.19660,0.13799,0.01971,0.00454,0.06413,0.00916
757,0.01530,0.98851,0.14121,0.18094,0.13888,0.01984,0.00617,0.07588,0.01084
758,0.02040,0.91639,0.13091,0.18080,0.14726,0.02103,0.01132,0.06068,0.00866
759,0.02040,0.90907,0.12986,0.18911,0.14057,0.02008,0.00507,0.06924,0.00989
760,0.00000,0.92195,0.13170,0.18530,0.14644,0.02092,0.01288,0.04792,0.00684
761,0.01530,0.99689,0.14241,0.18140,0.14288,0.02041,0.00838,0.06131,0.00875
762,0.01530,1.02525,0.14646,0.18510,0.13588,0.01941,0.00292,0.06273,0.00896
763,0.01020,1.03652,0.14807,0.18060,0.13391,0.01913,0.00902,0.07063,0.01009
764,0.01530,1.18770,0.16967,0.18779,0.13860,0.01980,0.00800,0.06826,0.00975
765,0.02040,0.98638,0.14091,0.19883,0.14336,0.02048,0.01450,0.06396,0.00913
766,0.01530,1.07846,0.15406,0.19582,0.14459,0.02065,0.00247,0.06754,0.00964
767,0.00204,0.96325,0.13760,0.19589,0.14706,0.02100,0.00431,0.07668,0.01095
768,0.01020,0.93492,0.13356,0.20537,0.15802,0.02257,0.00232,0.05404,0.00772
769,0.02040,1.01327,0.14475,0.20269,0.16181,0.02311,0.00201,0.06432,0.00918
770,0.02040,0.97441,0.13920,0.19614,0.16054,0.02293,0.00135,0.06184,0.00883
771,0.02040,1.17020,0.16717,0.20131,0.15623,0.02231,0.00011,0.06291,0.00898
772,0.01530,0.86131,0.12304,0.19579,0.16080,0.02297,0.00872,0.06708,0.00958
773,0.00204,0.85767,0.12252,0.18827,0.15745,0.02249,0.00509,0.06021,0.00860
774,0.02040,0.96837,0.13833,0.17819,0.15978,0.02282,0.00244,0.06696,0.00956
775,0.01224,0.96724,0.13817,0.18437,0.14808,0.02115,0.00069,0.06919,0.00988
776,0.02040,1.00528,0.14361,0.17334,0.13474,0.01924,0.00566,0.07135,0.01019
777,0.02040,1.10231,0.15747,0.16704,0.13293,0.01899,0.00033,0.07402,0.01057
778,0.00204,1.01403,0.14486,0.18427,0.13950,0.01992,0.01587,0.06625,0.00946
779,0.01530,1.05536,0.15076,0.21035,0.14514,0.02073,0.01406,0.05932,0.00847
780,0.01734,0.89571,0.12795,0.20886,0.15203,0.02171,0.00458,0.07792,0.01113
781,0.02040,1.00812,0.14401,0.20249,0.15148,0.02164,0.00996,0.05924,0.00846
782,0.01326,0.95957,0.13708,0.19411,0.14255,0.02036,0.00469,0.06920,0.00988
783,0.02040,0.88259,0.12608,0.18621,0.13889,0.01984,0.00206,0.06436,0.00919
784,0.01836,0.97183,0.13883,0.20130,0.15102,0.02157,0.02156,0.06377,0.00911
785,0.02040,1.03297,0.14756,0.21880,0.14604,0.02086,0.00298,0.07088,0.01012
786,0.02040,0.95023,0.13574,0.22765,0.13349,0.01907,0.00102,0.07689,0.01098
787,0.00510,1.04453,0.14921,0.22082,0.14630,0.02090,0.00326,0.07509,0.01072
788,0.01326,1.04440,0.14920,0.22393,0.13862,0.01980,0.00302,0.07075,0.01010
789,0.01326,1.08278,0.15468,0.22276,0.13875,0.01982,0.00580,0.06642,0.00948
790,0.01734,0.94310,0.13472,0.20966,0.14365,0.02052,0.00717,0.07031,0.01004
791,0.00816,0.95838,0.13691,0.19719,0.13521,0.01931,0.02028,0.06892,0.00984
792,0.01734,0.96349,0.13764,0.18808,0.13610,0.01944,0.02626,0.06773,0.00967
793,0.00714,1.04686,0.14955,0.18883,0.13647,0.01949,0.00516,0.06668,0.00952
794,0.01836,0.93501,0.13357,0.18921,0.14239,0.02034,0.02156,0.07902,0.01128
795,0.02040,0.72947,0.10421,0.18779,0.15162,0.02166,0.01148,0.07170,0.01024
796,0.02040,0.84375,0.12053,0.20179,0.16940,0.02420,0.01908,0.07492,0.01070
797,0.00306,1.00546,0.14363,0.21482,0.17373,0.02481,0.01144,0.06517,0.00931
798,0.01734,0.97261,0.13894,0.21966,0.17109,0.02444,0.00330,0.07643,0.01091
799,0.02040,0.99621,0.14231,0.22163,0.16051,0.02293,0.00493,0.05944,0.00849
800,0.00306,0.75196,0.10742,0.21392,0.17019,0.02431,0.00241,0.06875,0.00982
801,0.02040,0.87754,0.12536,0.20278,0.17533,0.02504,0.00274,0.07186,0.01026
802,0.01326,0.94208,0.13458,0.20869,0.17172,0.02453,0.00239,0.06142,0.00877
803,0.00204,1.07166,0.15309,0.20875,0.16370,0.02338,0.00862,0.06159,0.00879
804,0.01326,0.94457,0.13493,0.20331,0.15359,0.02194,0.00820,0.06945,0.00992
805,0.01224,0.91837,0.13119,0.20072,0.15945,0.02277,0.00136,0.05594,0.00799
806,0.01326,1.06583,0.15226,0.18936,0.15650,0.02235,0.01094,0.06786,0.00969
807,0.02040,0.99672,0.14238,0.18970,0.14211,0.02030,0.01015,0.07506,0.01072
808,0.01326,0.94208,0.13458,0.19965,0.13304,0.01900,0.01843,0.06417,0.00916
809,0.01734,1.04961,0.14994,0.20295,0.13348,0.01906,0.00002,0.06330,0.00904
810,0.02040,0.97184,0.13883,0.20018,0.13500,0.01928,0.00437,0.07433,0.01061
811,0.01326,0.89344,0.12763,0.18980,0.13826,0.01975,0.02267,0.06154,0.00879
812,0.00204,0.87212,0.12458,0.17719,0.13503,0.01929,0.01085,0.06561,0.00937
813,0.01224,0.86811,0.12401,0.17245,0.14224,0.02032,0.00520,0.07035,0.01005
814,0.01326,0.93926,0.13418,0.16238,0.14154,0.02022,0.00575,0.07218,0.01031
815,0.01530,0.99535,0.14219,0.17227,0.14418,0.02059,0.00327,0.05899,0.00842
816,0.01734,0.85239,0.12177,0.17209,0.14630,0.02090,0.00790,0.05909,0.00844
817,0.02040,0.89167,0.12738,0.16685,0.15276,0.02182,0.01032,0.06489,0.00927
818,0.00714,0.98016,0.14002,0.16554,0.16330,0.02332,0.01642,0.05968,0.00852
819,0.02040,1.15347,0.16478,0.18275,0.16758,0.02394,0.01432,0.07018,0.01002
820,0.01836,0.98217,0.14031,0.20456,0.15808,0.02258,0.00294,0.06073,0.00867
821,0.00510,1.12159,0.16022,0.22102,0.17142,0.02448,0.00239,0.06494,0.00927
822,0.00000,1.07309,0.15329,0.20946,0.17781,0.02540,0.00597,0.06810,0.00972
823,0.00408,0.86205,0.12315,0.19564,0.16717,0.02388,0.01163,0.07166,0.01023
824,0.01224,1.05402,0.15057,0.17713,0.14602,0.02086,0.00667,0.06822,0.00974
825,0.00816,1.03575,0.14796,0.17638,0.13420,0.01917,0.00094,0.07421,0.01060
826,0.00816,1.20920,0.17274,0.18236,0.11878,0.01696,0.00230,0.06898,0.00985
827,0.01224,1.06097,0.15156,0.17250,0.11169,0.01595,0.00143,0.07325,0.01046
828,0.01326,1.04279,0.14897,0.15710,0.11946,0.01706,0.01310,0.06934,0.00990
829,0.02040,0.93114,0.13302,0.17253,0.13360,0.01908,0.02094,0.06558,0.00936
830,0.01326,0.99998,0.14285,0.18209,0.13744,0.01963,0.00851,0.07272,0.01038
831,0.02040,0.97404,0.13914,0.18071,0.13646,0.01949,0.00018,0.07281,0.01040
832,0.00408,0.90168,0.12881,0.18187,0.13386,0.01912,0.00123,0.05980,0.00854
833,0.02040,1.00883,0.14411,0.17848,0.13749,0.01964,0.01165,0.06327,0.00903
834,0.02040,1.10600,0.15800,0.18286,0.15592,0.02227,0.01320,0.05802,0.00828
835,0.00204,1.07986,0.15426,0.18556,0.16238,0.02319,0.00290,0.05974,0.00853
836,0.00816,1.05860,0.15122,0.18955,0.15242,0.02177,0.00968,0.06544,0.00934
837,0.02040,1.02682,0.14668,0.19109,0.13955,0.01993,0.00543,0.06235,0.00890
838,0.00204,0.83170,0.11881,0.18238,0.14525,0.02075,0.01004,0.06493,0.00927
839,0.01326,0.95071,0.13581,0.18738,0.14518,0.02074,0.01491,0.06693,0.00956
840,0.01224,0.89291,0.12755,0.17496,0.13164,0.01880,0.00888,0.08315,0.01187
841,0.00816,0.98205,0.14029,0.17204,0.11313,0.01616,0.01208,0.05900,0.00842
842,0.00612,0.96227,0.13746,0.16948,0.11224,0.01603,0.00373,0.06516,0.00930
843,0.01224,1.10160,0.15737,0.17506,0.12216,0.01745,0.01849,0.06200,0.00885
844,0.02040,0.85092,0.12156,0.17683,0.11108,0.01586,0.00716,0.07154,0.01022
845,0.02040,0.84810,0.12115,0.15403,0.10544,0.01506,0.02192,0.08365,0.01195
846,0.00714,0.86041,0.12291,0.15984,0.12232,0.01747,0.00957,0.07001,0.01000
847,0.00204,0.99631,0.14233,0.18034,0.12896,0.01842,0.01047,0.05677,0.00811
848,0.02040,1.05443,0.15063,0.19323,0.12611,0.01801,0.01564,0.07975,0.01139
849,0.00306,0.97428,0.13918,0.19775,0.13018,0.01859,0.00562,0.06519,0.00931
850,0.00612,0.99727,0.14246,0.20282,0.13019,0.01859,0.00292,0.07522,0.01074
851,0.02040,1.07032,0.15290,0.20295,0.13712,0.01958,0.00742,0.06611,0.00944
852,0.00204,0.93021,0.13288,0.22100,0.14671,0.02095,0.01904,0.08423,0.01203
853,0.01020,0.94733,0.13533,0.23710,0.14772,0.02110,0.01625,0.08017,0.01145
854,0.02040,1.07873,0.15410,0.24702,0.16526,0.02360,0.01337,0.06834,0.00976
855,0.02040,1.00070,0.14295,0.24513,0.18814,0.02687,0.01301,0.06511,0.00930
856,0.00520,0.83698,0.12080,0.20156,0.15242,0.02200,0.00562,0.07295,0.01052
857,0.00312,0.86496,0.12484,0.19925,0.15045,0.02171,0.01980,0.07448,0.01075
858,0.02083,0.98709,0.14247,0.20949,0.15591,0.02250,0.01877,0.06490,0.00936
859,0.00208,0.95975,0.13852,0.22393,0.13747,0.01984,0.00152,0.06254,0.00902
860,0.00312,1.10139,0.15897,0.22040,0.14224,0.02053,0.01606,0.06387,0.00922
861,0.00000,1.04348,0.15061,0.22259,0.13839,0.01997,0.01014,0.06183,0.00892
862,0.00104,1.06602,0.15386,0.22100,0.14721,0.02124,0.00074,0.06115,0.00882
863,0.00000,0.91651,0.13228,0.21687,0.15413,0.02224,0.00818,0.06769,0.00977
864,0.00000,0.97558,0.14081,0.21657,0.15342,0.02214,0.00070,0.08213,0.01185
865,0.00208,1.05795,0.15270,0.21414,0.16250,0.02345,0.00738,0.06417,0.00926
866,0.00624,1.19454,0.17241,0.20940,0.16370,0.02362,0.00118,0.07117,0.01027
867,0.00833,1.02598,0.14808,0.20623,0.16357,0.02360,0.00587,0.07617,0.01099
868,0.01354,1.08179,0.15614,0.20434,0.15879,0.02292,0.00281,0.06416,0.00926
869,0.02083,1.08127,0.15606,0.20444,0.15458,0.02231,0.00020,0.06680,0.00964
870,0.02083,0.98191,0.14172,0.21166,0.14856,0.02144,0.00204,0.05950,0.00858
871,0.02083,1.06173,0.15324,0.22106,0.14035,0.02025,0.00786,0.06063,0.00875
872,0.00520,1.03532,0.14943,0.21701,0.15021,0.02168,0.00680,0.07174,0.01035
873,0.00520,0.90939,0.13126,0.20146,0.14632,0.02112,0.02150,0.05252,0.00758
874,0.00729,0.96932,0.13990,0.19972,0.15028,0.02169,0.01265,0.05916,0.00853
875,0.02083,1.15442,0.16662,0.20019,0.14893,0.02149,0.00228,0.05961,0.00860
876,0.00520,0.91413,0.13194,0.19754,0.15339,0.02214,0.01651,0.07105,0.01025
877,0.01041,0.84588,0.12209,0.18693,0.16002,0.02309,0.00165,0.06268,0.00904
878,0.00312,1.02171,0.14747,0.19939,0.16233,0.02343,0.01193,0.07193,0.01038
879,0.00312,1.07734,0.15550,0.21773,0.16885,0.02437,0.00880,0.05286,0.00763
880,0.00208,0.82037,0.11841,0.22543,0.16538,0.02387,0.00739,0.05331,0.00769
881,0.01041,0.97007,0.14001,0.22024,0.16415,0.02369,0.00147,0.05987,0.00864
882,0.01562,0.92944,0.13415,0.21004,0.16433,0.02371,0.00611,0.06900,0.00996
883,0.01562,0.88277,0.12741,0.19729,0.16319,0.02355,0.00333,0.05680,0.00819
884,0.02083,1.12374,0.16219,0.19615,0.17459,0.02520,0.00582,0.06736,0.00972
885,0.02083,0.92465,0.13346,0.19402,0.17212,0.02484,0.00849,0.06301,0.00909
886,0.02083,0.98857,0.14268,0.19127,0.16520,0.02384,0.00117,0.06578,0.00949
887,0.01562,0.90904,0.13120,0.19682,0.14265,0.02059,0.01004,0.07777,0.01122
888,0.02083,0.95146,0.13733,0.20027,0.14118,0.02037,0.00341,0.06842,0.00987
889,0.01562,0.95104,0.13727,0.19577,0.14473,0.02089,0.00085,0.06238,0.00900
890,0.02083,1.05395,0.15212,0.19234,0.14803,0.02136,0.00909,0.06250,0.00902
891,0.02083,0.88605,0.12789,0.20309,0.14743,0.02127,0.02059,0.06720,0.00970
892,0.00208,0.98641,0.14237,0.21179,0.13575,0.01959,0.00050,0.06560,0.00946
893,0.01041,0.93446,0.13487,0.21470,0.12257,0.01769,0.00318,0.06472,0.00934
894,0.00000,1.07160,0.15467,0.21377,0.11947,0.01724,0.01102,0.05784,0.00834
895,0.02083,1.16349,0.16793,0.20698,0.13349,0.01926,0.00896,0.05509,0.00795
896,0.00312,0.86134,0.12432,0.19623,0.13113,0.01892,0.01420,0.06963,0.01005
897,0.00312,0.95886,0.13839,0.18767,0.14173,0.02045,0.00824,0.05812,0.00838
898,0.00208,1.03420,0.14927,0.18400,0.14836,0.02141,0.00126,0.04992,0.00720
899,0.01562,1.10090,0.15890,0.17039,0.14960,0.02159,0.00421,0.06915,0.00998
900,0.02083,1.14767,0.16565,0.16916,0.14578,0.02104,0.00696,0.06383,0.00921
901,0.01041,0.90702,0.13091,0.18029,0.13786,0.01989,0.00374,0.06161,0.00889
902,0.01562,0.84669,0.12220,0.18459,0.12993,0.01875,0.00491,0.05915,0.00853
903,0.01562,0.92720,0.13383,0.18528,0.13613,0.01964,0.00545,0.06995,0.01009
904,0.01041,1.01831,0.14698,0.18440,0.14404,0.02079,0.01042,0.06187,0.00893
905,0.02083,0.93412,0.13482,0.18141,0.14818,0.02138,0.00410,0.06532,0.00942
906,0.01770,0.99893,0.14418,0.17246,0.14921,0.02153,0.00603,0.06679,0.00964
907,0.00312,1.04479,0.15080,0.18810,0.15137,0.02184,0.01320,0.06523,0.00941
908,0.00000,0.94444,0.13631,0.18784,0.15278,0.02205,0.00892,0.06108,0.00881
909,0.01354,1.14595,0.16540,0.18026,0.13824,0.01995,0.00333,0.06750,0.00974
910,0.00520,0.98505,0.14218,0.16171,0.13084,0.01888,0.00621,0.08036,0.01159
911,0.00833,1.03663,0.14962,0.16010,0.12181,0.01758,0.00121,0.07022,0.01013
912,0.00833,0.97019,0.14003,0.16903,0.12480,0.01801,0.00760,0.05855,0.00845
913,0.01770,0.87240,0.12592,0.16249,0.12013,0.01734,0.00125,0.07067,0.01020
914,0.01562,0.90904,0.13120,0.15816,0.10806,0.01559,0.00448,0.07049,0.01017
915,0.02083,1.03590,0.14952,0.16029,0.10840,0.01564,0.00497,0.06629,0.00956
916,0.01354,0.95272,0.13751,0.15258,0.10604,0.01530,0.00645,0.06459,0.00932
917,0.01250,1.11963,0.16160,0.16740,0.11202,0.01616,0.01358,0.07560,0.01091
918,0.01875,1.09685,0.15831,0.17964,0.12692,0.01831,0.00276,0.07148,0.01031
919,0.00104,1.11399,0.16079,0.19275,0.14282,0.02061,0.00280,0.06532,0.00942
920,0.02083,0.99941,0.14425,0.18723,0.15175,0.02190,0.00027,0.07383,0.01065
921,0.01875,1.03549,0.14946,0.17340,0.13583,0.01960,0.00091,0.08107,0.01170
922,0.00833,0.93230,0.13456,0.17018,0.12089,0.01744,0.00841,0.06305,0.00910
923,0.01250,0.76970,0.11109,0.17879,0.13128,0.01894,0.00694,0.06742,0.00973
924,0.00000,0.91957,0.13272,0.17351,0.14000,0.02020,0.02332,0.06523,0.00941
925,0.00416,0.99847,0.14411,0.17417,0.14483,0.02090,0.00497,0.06342,0.00915
926,0.01874,0.72554,0.10472,0.16566,0.14655,0.02115,0.00054,0.05733,0.00827
927,0.01250,0.81913,0.11823,0.17340,0.15224,0.02197,0.01061,0.06910,0.00997
928,0.01041,1.03480,0.14936,0.18256,0.15633,0.02256,0.00348,0.05307,0.00766
929,0.01562,1.04204,0.15040,0.18177,0.15444,0.02229,0.00490,0.06295,0.00908
930,0.02083,0.95855,0.13835,0.17959,0.14739,0.02127,0.00577,0.06560,0.00946
931,0.01874,1.02528,0.14798,0.18522,0.14335,0.02069,0.00469,0.05368,0.00774
932,0.00729,0.83110,0.11995,0.18267,0.13063,0.01885,0.00393,0.08123,0.01172
933,0.01562,0.96361,0.13908,0.16948,0.11743,0.01695,0.01219,0.06745,0.00973
934,0.01875,0.96607,0.13944,0.16162,0.10352,0.01494,0.00642,0.07823,0.01129
935,0.01562,0.90122,0.13008,0.16413,0.12054,0.01739,0.00041,0.06342,0.00915
936,0.02083,0.96273,0.13895,0.16714,0.14218,0.02052,0.00027,0.06680,0.00964
937,0.00520,0.89205,0.12875,0.16893,0.14363,0.02073,0.00814,0.06608,0.00953
938,0.01562,0.95340,0.13761,0.15373,0.13009,0.01877,0.01026,0.07078,0.01021
939,0.00208,1.02819,0.14840,0.15486,0.12285,0.01773,0.01660,0.05767,0.00832
940,0.00208,0.82512,0.11909,0.15406,0.12184,0.01758,0.01379,0.07841,0.01131
941,0.02083,0.83534,0.12057,0.16679,0.14050,0.02028,0.00789,0.06411,0.00925
942,0.00729,0.84162,0.12147,0.17009,0.15170,0.02189,0.00364,0.06442,0.00929
943,0.01562,1.03002,0.14867,0.17521,0.15681,0.02263,0.00203,0.06170,0.00890
944,0.02083,1.00565,0.14515,0.17556,0.14966,0.02160,0.00009,0.07590,0.01095
945,0.00833,0.98209,0.14175,0.17419,0.13517,0.01951,0.00447,0.06300,0.00909
946,0.02083,1.07237,0.15478,0.16987,0.13335,0.01924,0.00422,0.06623,0.00956
947,0.01041,1.00446,0.14498,0.17524,0.13759,0.01986,0.01432,0.07194,0.01038
948,0.01041,1.04691,0.15110,0.18353,0.14358,0.02072,0.00233,0.06429,0.00928
949,0.02083,0.98572,0.14227,0.18328,0.15234,0.02198,0.00095,0.07515,0.01084
950,0.00833,0.92923,0.13412,0.18792,0.15329,0.02212,0.00553,0.06180,0.00892
951,0.00312,0.98501,0.14217,0.18234,0.15099,0.02179,0.01412,0.06426,0.00927
952,0.00208,1.11378,0.16076,0.19104,0.14408,0.02079,0.00431,0.07052,0.01017
953,0.02083,0.88552,0.12781,0.19822,0.13498,0.01948,0.00169,0.05657,0.00816
954,0.01770,0.78465,0.11325,0.18717,0.12956,0.01870,0.00038,0.07910,0.01141
955,0.01354,0.86889,0.12541,0.17889,0.13525,0.01952,0.00705,0.06084,0.00878
956,0.02083,0.95616,0.13801,0.17634,0.13605,0.01963,0.01144,0.06133,0.00885
957,0.02083,1.04621,0.15100,0.18031,0.12851,0.01855,0.00371,0.07185,0.01037
958,0.00416,0.94741,0.13674,0.17165,0.12399,0.01789,0.01088,0.06219,0.00897
959,0.00520,0.81772,0.11802,0.17405,0.13663,0.01972,0.01794,0.06556,0.00946
960,0.02083,0.91639,0.13226,0.17918,0.15087,0.02177,0.00966,0.05509,0.00795
961,0.02083,1.03786,0.14980,0.18346,0.15191,0.02192,0.00536,0.07033,0.01015
962,0.01354,0.89254,0.12882,0.19694,0.13100,0.01890,0.00195,0.07090,0.01023
963,0.01770,0.90700,0.13091,0.19694,0.13678,0.01974,0.00433,0.06272,0.00905
964,0.01874,1.09290,0.15774,0.19971,0.13483,0.01946,0.00724,0.05702,0.00823
965,0.01770,0.91386,0.13190,0.21106,0.14085,0.02033,0.01816,0.06155,0.00888
966,0.02083,1.03071,0.14877,0.21321,0.14201,0.02049,0.00011,0.06601,0.00952
967,0.02083,1.03856,0.14990,0.23140,0.14702,0.02122,0.01414,0.06729,0.00971
968,0.01875,0.96082,0.13868,0.24918,0.14922,0.02153,0.00313,0.05564,0.00803
969,0.01250,0.97721,0.14104,0.25680,0.14743,0.02128,0.00257,0.07478,0.01079
970,0.00312,1.03220,0.14898,0.25382,0.15613,0.02253,0.00598,0.07301,0.01053
971,0.00208,0.87820,0.12675,0.24093,0.15747,0.02272,0.01104,0.06301,0.00909
972,0.01354,0.96785,0.13969,0.22855,0.15417,0.02225,0.00845,0.05941,0.00857
973,0.02083,0.90971,0.13130,0.20753,0.15617,0.02254,0.01197,0.06658,0.00961
974,0.02083,0.88851,0.12824,0.20266,0.16318,0.02355,0.00705,0.06455,0.00931
975,0.01770,0.95587,0.13796,0.20810,0.16117,0.02326,0.00147,0.07097,0.01024
976,0.01874,0.92745,0.13386,0.20397,0.16303,0.02353,0.00066,0.07388,0.01066
977,0.00104,0.99736,0.14395,0.21413,0.16285,0.02350,0.00024,0.06316,0.00911
978,0.01354,0.96272,0.13895,0.21998,0.16442,0.02373,0.01192,0.07786,0.01123
979,0.00520,1.02607,0.14810,0.21890,0.15562,0.02246,0.01687,0.06975,0.01006
980,0.02083,1.03419,0.14927,0.19496,0.14610,0.02108,0.02659,0.08677,0.01252
981,0.00833,1.20014,0.17322,0.18639,0.12520,0.01807,0.00763,0.08742,0.01261
982,0.02083,1.14867,0.16579,0.18235,0.15322,0.02211,0.00195,0.05370,0.00775
983,0.01041,0.90207,0.13020,0.19627,0.16863,0.02434,0.00892,0.06351,0.00916
984,0.01041,0.89320,0.12892,0.19969,0.16905,0.02440,0.00714,0.08511,0.01228
985,0.02083,0.90523,0.13066,0.20119,0.14967,0.02160,0.00884,0.08992,0.01297
986,0.01250,0.93332,0.13471,0.19654,0.13531,0.01953,0.01393,0.07243,0.01045
987,0.01770,0.90481,0.13059,0.20486,0.13006,0.01877,0.00020,0.06394,0.00922
988,0.00000,0.88417,0.12761,0.20021,0.13260,0.01914,0.00148,0.06729,0.00971
989,0.00312,0.95204,0.13741,0.18816,0.13591,0.01961,0.01332,0.07677,0.01108
990,0.01770,1.09627,0.15823,0.19228,0.14567,0.02102,0.00945,0.09826,0.01418
991,0.02083,0.91479,0.13203,0.20896,0.16679,0.02407,0.02521,0.10625,0.01533
992,0.00729,1.05296,0.15198,0.20944,0.19304,0.02786,0.02008,0.08706,0.01256
993,0.00212,0.88039,0.12841,0.19474,0.11837,0.01726,0.01825,0.06942,0.01012
994,0.02127,1.02737,0.14985,0.19436,0.12371,0.01804,0.00658,0.06150,0.00897
995,0.00851,0.81640,0.11908,0.19055,0.12822,0.01870,0.01172,0.08664,0.01263
996,0.00851,0.87648,0.12784,0.19073,0.13427,0.01958,0.01310,0.07420,0.01082
997,0.01808,0.91071,0.13284,0.20282,0.14197,0.02070,0.00512,0.06292,0.00917
998,0.02127,0.92797,0.13535,0.20468,0.14202,0.02071,0.00423,0.06142,0.00895
999,0.00000,1.04901,0.15301,0.20577,0.14881,0.02170,0.00291,0.06879,0.01003
1000,0.00106,1.00881,0.14715,0.20658,0.14436,0.02105,0.00306,0.06739,0.00982
